Site,45/46,46/47,47/48,48/49,49/50,50/51,51/52,52/53,53/54,54/55,55/56,56/57,57/58,58/59,59/60,60/61,61/62,62/63,63/64,64/65,65/66,66/67,67/68,68/69,69/70,70/71,71/72,72/73,73/74,74/75,75/76,76/77,77/78,78/79,79/80,80/81,81/82,82/83,83/84,84/85,85/86,86/87,87/88,88/89,89/90,90/91,91/92,92/93,93/94,94/95,95/96,96/97,97/98,98/99,99/00,00/01,01/02,02/03,03/04,04/05,05/06,06/07,07/08,08/09,09/10,10/11,11/12,12/13,13/14,14/15,15/16,16/17,17/18,RoughTimeAccessed
Abberton Reservoir,nan,nan,nan,nan,nan,nan,nan,nan,nan,nan,nan,nan,nan,nan,nan,nan,nan,nan,nan,nan,nan,"[0, 1, '', 0, None, None]","[0, 1, '', 0, None, None]","[0, 1, '', 0, None, None]","[0, 1, '', 0, None, None]","[0, 1, '', 0, None, None]","[0, 1, '', 0, None, None]","[0, 1, '', 0, None, None]","[0, 1, '', 0, None, None]","[0, 1, '', 0, None, None]","[0, 1, '', 0, None, None]","[0, 1, '', 0, None, None]","[0, 1, '', 0, None, None]","[0, 1, '', 0, None, None]","[0, 1, '', 0, None, None]","[0, 1, '', 0, None, None]","[0, 1, '', 0, None, None]","[0, 1, '', 0, None, None]","[0, 1, '', 0, None, None]","[0, 1, '', 0, None, None]","[0, 1, '', 0, None, None]","[0, 1, '', 0, None, None]","[0, 1, '', 0, None, None]","[0, 1, '', 0, None, None]","[0, 1, '', 0, None, None]","[0, 1, '', 0, None, None]","[0, 1, '', 0, None, None]","[0, 1, '', 0, None, None]","[0, 1, '', 0, None, None]","[0, 1, '', 0, None, None]","[0, 1, '', 0, None, None]","[1, 1, 'Sep', 0, None, None]","[0, 1, '', 0, None, None]","[0, 1, '', 0, None, None]","[0, 1, '', 0, None, None]","[0, 1, '', 0, None, None]","[0, 1, '', 0, None, None]","[0, 1, '', 0, None, None]","[0, 1, '', 0, None, None]","[0, 1, '', 0, None, None]","[0, 1, '', 0, None, None]","[0, 2, '', 0, None, None]","[0, 1, '', 0, None, None]","[0, 1, '', 0, None, None]","[0, 1, '', 0, None, None]","[0, 1, '', 0, None, None]","[0, 1, '', 0, None, None]","[0, 1, '', 0, None, None]","[0, 1, '', 0, None, None]","[0, 1, '', 0, None, None]","[0, 1, '', 0, None, None]","[0, 1, '', 0, None, None]","[0, 1, '', 0, None, None]",2019-12-05 18:28:49
Avon Estuary (Devon),nan,nan,nan,nan,nan,nan,nan,nan,nan,nan,nan,nan,nan,nan,nan,nan,nan,nan,nan,nan,nan,"[0, 1, '', 0, None, None]","[0, 1, '', 0, None, None]","[0, 1, '', 0, None, None]","[0, 1, '', 0, None, None]","[0, 1, '', 0, None, None]","[0, 1, '', 0, None, None]","[0, 1, '', 0, None, None]","[0, 2, '', 0, None, None]","[0, 1, '', 0, None, None]","[0, 1, '', 0, None, None]","[0, 1, '', 0, None, None]","[0, 1, '', 0, None, None]","[0, 1, '', 0, None, None]","[0, 1, '', 0, None, None]","[0, 1, '', 0, None, None]","[0, 1, '', 0, None, None]","[0, 1, '', 0, None, None]","[0, 1, '', 0, None, None]","[0, 1, '', 0, None, None]","[0, 1, '', 0, None, None]","[0, 1, '', 0, None, None]","[0, 1, '', 0, None, None]","[0, 1, '', 0, None, None]","[0, 2, '', 0, None, None]","[0, 1, '', 0, None, None]","[0, 1, '', 0, None, None]","[0, 1, '', 0, None, None]","[0, 1, '', 0, None, None]","[0, 1, '', 0, None, None]","[0, 1, '', 0, None, None]","[0, 1, '', 0, None, None]","[0, 1, '', 0, None, None]","[0, 2, '', 0, None, None]","[0, 1, '', 0, None, None]","[0, 1, '', 0, None, None]","[0, 2, '', 0, None, None]","[0, 1, '', 0, None, None]","[0, 1, '', 0, None, None]","[0, 1, '', 0, None, None]","[1, 1, 'Jun', 0, None, None]","[0, 1, '', 0, None, None]","[0, 1, '', 0, None, None]","[0, 1, '', 0, None, None]","[0, 1, '', 0, None, None]","[0, 1, '', 0, None, None]","[0, 1, '', 0, None, None]","[0, 1, '', 0, None, None]","[0, 1, '', 0, None, None]","[0, 1, '', 0, None, None]","[0, 1, '', 0, None, None]","[0, 1, '', 0, None, None]","[0, 1, '', 0, None, None]",2019-12-05 18:28:49
Blithfield Reservoir,nan,nan,nan,nan,nan,nan,nan,nan,nan,nan,nan,nan,nan,nan,nan,nan,nan,nan,nan,nan,nan,"[0, 1, '', 0, None, None]","[0, 1, '', 0, None, None]","[0, 1, '', 0, None, None]","[0, 1, '', 0, None, None]","[0, 1, '', 0, None, None]","[0, 1, '', 0, None, None]","[0, 1, '', 0, None, None]","[0, 1, '', 0, None, None]","[0, 1, '', 0, None, None]","[0, 1, '', 0, None, None]","[0, 1, '', 0, None, None]","[0, 1, '', 0, None, None]","[0, 1, '', 0, None, None]","[0, 1, '', 0, None, None]","[0, 1, '', 0, None, None]","[0, 1, '', 0, None, None]","[0, 1, '', 0, None, None]","[0, 1, '', 0, None, None]","[0, 1, '', 0, None, None]","[0, 1, '', 0, None, None]","[0, 1, '', 0, None, None]","[0, 1, '', 0, None, None]","[0, 1, '', 0, None, None]","[0, 1, '', 0, None, None]","[0, 1, '', 0, None, None]","[0, 1, '', 0, None, None]","[0, 1, '', 0, None, None]","[0, 1, '', 0, None, None]","[0, 1, '', 0, None, None]","[0, 1, '', 0, None, None]","[0, 1, '', 0, None, None]","[0, 1, '', 0, None, None]","[0, 1, '', 0, None, None]","[1, 1, 'Jul', 0, None, None]","[1, 1, 'Aug', 0, None, None]","[0, 1, '', 0, None, None]","[0, 1, '', 0, None, None]","[0, 1, '', 0, None, None]","[0, 1, '', 0, None, None]",nan,nan,"[0, 1, '', 0, None, None]","[0, 1, '', 0, None, None]","[0, 1, '', 0, None, None]","[0, 1, '', 0, None, None]","[0, 1, '', 0, None, None]","[0, 1, '', 0, None, None]","[0, 1, '', 0, None, None]","[0, 1, '', 0, None, None]","[0, 1, '', 0, None, None]","[0, 1, '', 0, None, None]","[0, 1, '', 0, None, None]",2019-12-05 18:28:49
Brent Reservoir,nan,nan,nan,nan,nan,nan,nan,nan,nan,nan,nan,nan,nan,nan,nan,nan,nan,nan,nan,nan,nan,"[0, 1, '', 0, None, None]","[0, 1, '', 0, None, None]",nan,"[0, 1, '', 0, None, None]","[0, 1, '', 0, None, None]","[0, 1, '', 0, None, None]","[0, 1, '', 0, None, None]","[0, 1, '', 0, None, None]","[0, 1, '', 0, None, None]","[0, 1, '', 0, None, None]","[0, 1, '', 0, None, None]","[0, 1, '', 0, None, None]","[0, 1, '', 0, None, None]","[0, 1, '', 0, None, None]","[0, 1, '', 0, None, None]","[0, 1, '', 0, None, None]","[0, 1, '', 0, None, None]","[0, 1, '', 0, None, None]","[0, 1, '', 0, None, None]",nan,"[0, 1, '', 0, None, None]","[0, 1, '', 0, None, None]","[0, 1, '', 0, None, None]","[0, 1, '', 0, None, None]","[0, 1, '', 0, None, None]","[0, 1, '', 0, None, None]","[0, 1, '', 0, None, None]","[0, 2, '', 0, None, None]","[0, 1, '', 0, None, None]","[1, 1, 'Jan', 0, None, None]","[0, 2, '', 0, None, None]","[0, 1, '', 0, None, None]","[0, 1, '', 0, None, None]","[0, 1, '', 0, None, None]","[0, 1, '', 0, None, None]","[0, 1, '', 0, None, None]","[0, 1, '', 0, None, None]","[0, 1, '', 0, None, None]","[0, 1, '', 0, None, None]","[0, 1, '', 0, None, None]","[0, 1, '', 0, None, None]","[0, 1, '', 0, None, None]","[0, 1, '', 0, None, None]","[0, 1, '', 0, None, None]","[0, 1, '', 0, None, None]","[0, 1, '', 0, None, None]","[0, 1, '', 0, None, None]","[0, 1, '', 0, None, None]","[0, 1, '', 0, None, None]","[0, 1, '', 0, None, None]","[0, 1, '', 0, None, None]","[0, 1, '', 0, None, None]",2019-12-05 18:28:49
Bridgend Farm Pool,nan,nan,nan,nan,nan,nan,nan,nan,nan,nan,nan,nan,nan,nan,nan,nan,nan,nan,nan,nan,nan,nan,nan,nan,nan,nan,nan,nan,nan,nan,nan,nan,nan,nan,nan,nan,nan,nan,nan,nan,nan,nan,nan,nan,nan,nan,nan,nan,nan,nan,nan,nan,nan,nan,nan,nan,nan,"[0, 1, '', 0, None, None]","[0, 1, '', 0, None, None]",nan,nan,"[0, 1, '', 0, None, None]","[0, 1, '', 0, None, None]","[0, 1, '', 0, None, None]","[0, 1, '', 0, None, None]","[0, 1, '', 0, None, None]","[1, 1, 'Sep', 0, None, None]","[1, 1, 'Sep', 0, None, None]","[0, 1, '', 0, None, None]","[0, 1, '', 0, None, None]","[0, 1, '', 0, None, None]","[0, 1, '', 0, None, None]","[0, 1, '', 0, None, None]",2019-12-05 18:28:49
Burry Inlet,nan,nan,nan,nan,nan,nan,nan,nan,nan,nan,nan,nan,nan,nan,nan,nan,nan,nan,nan,nan,nan,"[0, 1, '', 0, None, None]","[0, 1, '', 0, None, None]","[0, 1, '', 0, None, None]","[0, 1, '', 0, None, None]","[0, 1, '', 0, None, None]","[0, 1, '', 0, None, None]","[0, 1, '', 0, None, None]","[0, 1, '', 0, None, None]","[0, 1, '', 0, None, None]","[0, 1, '', 0, None, None]","[0, 1, '', 0, None, None]","[0, 1, '', 0, None, None]","[0, 1, '', 0, None, None]","[0, 1, '', 0, None, None]","[0, 1, '', 0, None, None]","[0, 1, '', 0, None, None]","[0, 1, '', 0, None, None]","[0, 1, '', 0, None, None]","[0, 1, '', 0, None, None]","[0, 1, '', 0, None, None]","[0, 1, '', 0, None, None]","[0, 1, '', 0, None, None]","[0, 1, '', 0, None, None]","[0, 1, '', 0, None, None]","[0, 1, '', 0, None, None]","[0, 1, '', 0, None, None]","[0, 1, '', 0, None, None]","[0, 1, '', 0, None, None]","[0, 1, '', 0, None, None]","[0, 1, '', 0, None, None]","[0, 1, '', 0, None, None]","[0, 1, '', 0, None, None]","[0, 1, '', 0, None, None]","[1, 1, 'Mar', 0, None, None]","[0, 1, '', 0, None, None]","[0, 1, '', 0, None, None]","[0, 1, '', 0, None, None]","[0, 1, '', 0, None, None]","[0, 1, '', 0, None, None]","[0, 1, '', 0, None, None]","[0, 1, '', 0, None, None]","[0, 1, '', 0, None, None]","[0, 1, '', 0, None, None]","[0, 1, '', 0, None, None]","[0, 1, '', 0, None, None]","[0, 1, '', 0, None, None]","[0, 1, '', 0, None, None]","[0, 1, '', 0, None, None]","[0, 1, '', 0, None, None]","[0, 1, '', 0, None, None]","[0, 1, '', 0, None, None]","[0, 1, '', 0, None, None]",2019-12-05 18:28:49
Camel Estuary,nan,nan,nan,nan,nan,nan,nan,nan,nan,nan,nan,nan,nan,nan,nan,nan,nan,nan,nan,nan,nan,"[0, 1, '', 0, None, None]","[0, 1, '', 0, None, None]","[0, 1, '', 0, None, None]","[0, 1, '', 0, None, None]","[0, 2, '', 0, None, None]","[0, 1, '', 0, None, None]","[0, 2, '', 0, None, None]","[0, 2, '', 0, None, None]","[0, 2, '', 0, None, None]","[0, 2, '', 0, None, None]","[0, 2, '', 0, None, None]","[0, 2, '', 0, None, None]","[0, 1, '', 0, None, None]","[0, 1, '', 0, None, None]","[0, 1, '', 0, None, None]",nan,"[0, 1, '', 0, None, None]","[0, 1, '', 0, None, None]","[0, 1, '', 0, None, None]","[0, 1, '', 0, None, None]","[0, 1, '', 0, None, None]","[0, 1, '', 0, None, None]","[0, 1, '', 0, None, None]","[0, 1, '', 0, None, None]","[0, 1, '', 0, None, None]","[0, 1, '', 0, None, None]","[0, 1, '', 0, None, None]","[0, 1, '', 0, None, None]","[0, 1, '', 0, None, None]","[0, 1, '', 0, None, None]","[0, 1, '', 0, None, None]","[0, 1, '', 0, None, None]","[0, 1, '', 0, None, None]","[0, 1, '', 0, None, None]","[0, 1, '', 0, None, None]","[0, 1, '', 0, None, None]","[0, 1, '', 0, None, None]","[0, 1, '', 0, None, None]","[0, 1, '', 0, None, None]","[0, 1, '', 0, None, None]","[0, 1, '', 0, None, None]","[0, 1, '', 0, None, None]","[0, 1, '', 0, None, None]","[0, 1, '', 0, None, None]","[0, 1, '', 0, None, None]","[1, 1, 'Apr', 0, None, None]","[0, 1, '', 0, None, None]","[0, 1, '', 0, None, None]","[0, 1, '', 0, None, None]","[0, 1, '', 0, None, None]","[0, 1, '', 0, None, None]","[0, 1, '', 0, None, None]",2019-12-05 18:28:49
Chew Valley Lake,nan,nan,nan,nan,nan,nan,nan,nan,nan,nan,nan,nan,nan,nan,nan,nan,nan,nan,nan,nan,nan,"[0, 1, '', 0, None, None]","[0, 1, '', 0, None, None]","[0, 1, '', 0, None, None]","[0, 1, '', 0, None, None]","[0, 1, '', 0, None, None]","[0, 1, '', 0, None, None]","[0, 1, '', 0, None, None]","[0, 1, '', 0, None, None]","[0, 1, '', 0, None, None]","[0, 1, '', 0, None, None]","[0, 1, '', 0, None, None]","[0, 1, '', 0, None, None]","[0, 1, '', 0, None, None]","[0, 1, '', 0, None, None]","[0, 1, '', 0, None, None]","[0, 1, '', 0, None, None]","[0, 1, '', 0, None, None]","[0, 1, '', 0, None, None]","[0, 1, '', 0, None, None]","[0, 1, '', 0, None, None]","[0, 1, '', 0, None, None]","[0, 1, '', 0, None, None]","[0, 1, '', 0, None, None]","[0, 1, '', 0, None, None]","[0, 1, '', 0, None, None]","[0, 1, '', 0, None, None]","[0, 1, '', 0, None, None]","[0, 1, '', 0, None, None]","[0, 1, '', 0, None, None]","[0, 1, '', 0, None, None]","[0, 1, '', 0, None, None]","[0, 1, '', 0, None, None]","[0, 1, '', 0, None, None]","[0, 1, '', 0, None, None]","[0, 1, '', 0, None, None]","[0, 1, '', 0, None, None]","[0, 1, '', 0, None, None]","[1, 1, 'Aug', 0, None, None]","[0, 1, '', 0, None, None]","[0, 1, '', 0, None, None]","[0, 1, '', 0, None, None]","[0, 1, '', 0, None, None]","[0, 1, '', 0, None, None]","[0, 1, '', 0, None, None]","[1, 1, 'Jun', 0, None, None]","[0, 1, '', 0, None, None]","[0, 1, '', 0, None, None]","[0, 1, '', 0, None, None]","[0, 1, '', 0, None, None]","[0, 1, '', 0, None, None]","[0, 1, '', 0, None, None]","[0, 1, '', 0, None, None]",2019-12-05 18:28:49
Colne Fen Gravel Pits,nan,nan,nan,nan,nan,nan,nan,nan,nan,nan,nan,nan,nan,nan,nan,nan,nan,nan,nan,nan,nan,nan,nan,nan,nan,nan,nan,nan,nan,nan,nan,nan,nan,nan,nan,nan,nan,nan,nan,nan,nan,nan,nan,nan,nan,nan,nan,nan,nan,"[0, 1, '', 0, None, None]",nan,"[0, 1, '', 0, None, None]","[0, 1, '', 0, None, None]","[0, 1, '', 0, None, None]","[0, 1, '', 0, None, None]","[0, 1, '', 0, None, None]","[0, 1, '', 0, None, None]","[0, 1, '', 0, None, None]","[0, 1, '', 0, None, None]","[0, 1, '', 0, None, None]","[0, 1, '', 0, None, None]","[0, 1, '', 0, None, None]","[0, 1, '', 0, None, None]","[0, 1, '', 0, None, None]","[0, 1, '', 0, None, None]","[0, 1, '', 0, None, None]","[0, 1, '', 0, None, None]","[1, 1, 'Jun', 0, None, None]","[0, 1, '', 0, None, None]",nan,"[0, 1, '', 0, None, None]","[0, 1, '', 0, None, None]","[0, 1, '', 0, None, None]",2019-12-05 18:28:49
Connaught Water (Epping Forest),nan,nan,nan,nan,nan,nan,nan,nan,nan,nan,nan,nan,nan,nan,nan,nan,nan,nan,nan,nan,nan,nan,nan,nan,nan,nan,nan,nan,nan,nan,nan,nan,nan,nan,nan,nan,nan,nan,nan,"[0, 1, '', 0, None, None]",nan,nan,nan,nan,nan,"[0, 1, '', 0, None, None]",nan,nan,nan,nan,nan,"[0, 1, '', 0, None, None]","[0, 1, '', 0, None, None]","[0, 1, '', 0, None, None]","[0, 1, '', 0, None, None]","[0, 1, '', 0, None, None]","[0, 1, '', 0, None, None]","[1, 1, 'Nov', 0, None, None]","[0, 1, '', 0, None, None]","[0, 1, '', 0, None, None]","[0, 1, '', 0, None, None]","[0, 1, '', 0, None, None]","[0, 1, '', 0, None, None]","[0, 1, '', 0, None, None]","[0, 1, '', 0, None, None]","[0, 1, '', 0, None, None]","[0, 1, '', 0, None, None]","[0, 1, '', 0, None, None]","[0, 1, '', 0, None, None]","[0, 1, '', 0, None, None]","[0, 1, '', 0, None, None]","[0, 1, '', 0, None, None]","[0, 1, '', 0, None, None]",2019-12-05 18:28:49
Dornoch Firth,nan,nan,nan,nan,nan,nan,nan,nan,nan,nan,nan,nan,nan,nan,nan,nan,nan,nan,nan,nan,nan,"[0, 1, '', 0, None, None]","[0, 1, '', 0, None, None]","[0, 1, '', 0, None, None]","[0, 1, '', 0, None, None]","[0, 1, '', 0, None, None]","[0, 1, '', 0, None, None]","[0, 1, '', 0, None, None]","[0, 1, '', 0, None, None]","[0, 1, '', 0, None, None]","[0, 1, '', 0, None, None]","[0, 1, '', 0, None, None]","[0, 1, '', 0, None, None]","[0, 1, '', 0, None, None]","[0, 1, '', 0, None, None]","[0, 1, '', 0, None, None]","[0, 1, '', 0, None, None]","[0, 1, '', 0, None, None]","[0, 1, '', 0, None, None]",nan,"[0, 1, '', 0, None, None]","[0, 1, '', 0, None, None]",nan,nan,nan,"[0, 1, '', 0, None, None]","[0, 1, '', 0, None, None]","[0, 1, '', 0, None, None]","[0, 1, '', 0, None, None]","[1, 1, 'Dec', 0, None, None]","[0, 1, '', 0, None, None]","[0, 1, '', 0, None, None]","[0, 1, '', 0, None, None]","[0, 1, '', 0, None, None]","[0, 1, '', 0, None, None]","[0, 1, '', 0, None, None]","[0, 1, '', 0, None, None]","[0, 1, '', 0, None, None]","[0, 1, '', 0, None, None]","[0, 1, '', 0, None, None]","[0, 1, '', 0, None, None]","[0, 1, '', 0, None, None]","[0, 1, '', 0, None, None]","[0, 2, '', 0, None, None]","[0, 1, '', 0, None, None]","[0, 1, '', 0, None, None]","[0, 1, '', 0, None, None]","[0, 1, '', 0, None, None]","[0, 1, '', 0, None, None]","[0, 1, '', 0, None, None]","[0, 1, '', 0, None, None]","[0, 1, '', 0, None, None]","[0, 1, '', 0, None, None]",2019-12-05 18:28:49
Doxey Marshes SSSI,nan,nan,nan,nan,nan,nan,nan,nan,nan,nan,nan,nan,nan,nan,nan,nan,nan,nan,nan,nan,nan,nan,nan,nan,nan,nan,nan,nan,nan,nan,nan,nan,nan,nan,nan,nan,nan,nan,nan,nan,nan,nan,nan,nan,nan,nan,"[0, 1, '', 0, None, None]","[0, 1, '', 0, None, None]","[0, 1, '', 0, None, None]","[0, 1, '', 0, None, None]","[0, 1, '', 0, None, None]","[0, 1, '', 0, None, None]","[0, 1, '', 0, None, None]","[0, 1, '', 0, None, None]","[1, 1, 'Oct', 0, None, None]","[0, 1, '', 0, None, None]","[0, 1, '', 0, None, None]","[0, 1, '', 0, None, None]","[0, 1, '', 0, None, None]","[0, 1, '', 0, None, None]","[0, 1, '', 0, None, None]","[0, 1, '', 0, None, None]","[0, 2, '', 0, None, None]","[0, 1, '', 0, None, None]","[0, 1, '', 0, None, None]","[0, 1, '', 0, None, None]","[0, 1, '', 0, None, None]","[0, 2, '', 0, None, None]","[0, 1, '', 0, None, None]","[0, 1, '', 0, None, None]","[0, 1, '', 0, None, None]","[0, 1, '', 0, None, None]","[0, 1, '', 0, None, None]",2019-12-05 18:28:49
Fen Drayton Lakes,nan,nan,nan,nan,nan,nan,nan,nan,nan,nan,nan,nan,nan,nan,nan,nan,nan,nan,nan,nan,nan,nan,nan,nan,nan,nan,nan,nan,nan,nan,nan,nan,"[0, 1, '', 0, None, None]","[0, 1, '', 0, None, None]","[0, 1, '', 0, None, None]","[0, 1, '', 0, None, None]","[0, 1, '', 0, None, None]","[0, 1, '', 0, None, None]",nan,"[0, 1, '', 0, None, None]","[0, 1, '', 0, None, None]","[0, 1, '', 0, None, None]","[0, 1, '', 0, None, None]","[1, 1, 'Jul', 0, None, None]","[0, 1, '', 0, None, None]","[0, 1, '', 0, None, None]","[0, 1, '', 0, None, None]","[0, 1, '', 0, None, None]","[0, 1, '', 0, None, None]","[0, 1, '', 0, None, None]","[0, 1, '', 0, None, None]","[0, 1, '', 0, None, None]","[0, 1, '', 0, None, None]","[0, 1, '', 0, None, None]","[0, 1, '', 0, None, None]","[0, 1, '', 0, None, None]","[0, 1, '', 0, None, None]","[0, 1, '', 0, None, None]","[0, 1, '', 0, None, None]","[0, 1, '', 0, None, None]","[0, 1, '', 0, None, None]","[0, 1, '', 0, None, None]","[0, 1, '', 0, None, None]","[0, 1, '', 0, None, None]","[0, 1, '', 0, None, None]","[0, 1, '', 0, None, None]","[0, 1, '', 0, None, None]","[0, 1, '', 0, None, None]","[0, 2, '', 0, None, None]","[0, 1, '', 0, None, None]","[0, 1, '', 0, None, None]","[0, 1, '', 0, None, None]","[0, 1, '', 0, None, None]",2019-12-05 18:28:49
Frankfield Loch,nan,nan,nan,nan,nan,nan,nan,nan,nan,nan,nan,nan,nan,nan,nan,nan,nan,nan,nan,nan,nan,nan,nan,nan,nan,nan,nan,nan,nan,nan,nan,nan,nan,nan,nan,nan,nan,nan,nan,nan,nan,nan,nan,nan,nan,nan,"[0, 1, '', 0, None, None]","[0, 1, '', 0, None, None]","[0, 1, '', 0, None, None]","[0, 1, '', 0, None, None]","[0, 2, '', 0, None, None]","[0, 2, '', 0, None, None]","[0, 1, '', 0, None, None]","[0, 1, '', 0, None, None]","[0, 1, '', 0, None, None]","[0, 1, '', 0, None, None]","[0, 1, '', 0, None, None]","[0, 1, '', 0, None, None]","[0, 1, '', 0, None, None]","[0, 1, '', 0, None, None]","[0, 1, '', 0, None, None]","[0, 1, '', 0, None, None]","[0, 1, '', 0, None, None]","[0, 1, '', 0, None, None]","[0, 1, '', 0, None, None]","[0, 1, '', 0, None, None]","[0, 1, '', 0, None, None]","[0, 1, '', 0, None, None]","[1, 1, 'Sep', 1, 'Supplementary visit under the  WeBS Core Count Survey', 'WeBS']","[0, 1, '', 0, None, None]","[0, 1, '', 0, None, None]","[0, 1, '', 0, None, None]","[0, 1, '', 0, None, None]",2019-12-05 18:28:49
Gilmourton Ponds,nan,nan,nan,nan,nan,nan,nan,nan,nan,nan,nan,nan,nan,nan,nan,nan,nan,nan,nan,nan,nan,nan,nan,nan,nan,nan,nan,nan,nan,nan,nan,nan,nan,nan,nan,nan,nan,nan,nan,nan,nan,nan,nan,nan,nan,nan,nan,nan,nan,nan,nan,nan,nan,nan,nan,nan,nan,nan,nan,nan,nan,nan,nan,"[0, 1, '', 0, None, None]","[0, 1, '', 0, None, None]","[2, 1, 'Feb', 0, None, None]","[0, 1, '', 0, None, None]","[0, 1, '', 0, None, None]","[0, 1, '', 0, None, None]","[0, 1, '', 0, None, None]",nan,nan,nan,2019-12-05 18:28:49
Hanningfield Reservoir,nan,nan,nan,nan,nan,nan,nan,nan,nan,nan,nan,nan,nan,nan,nan,nan,nan,nan,nan,nan,nan,"[0, 1, '', 0, None, None]","[0, 1, '', 0, None, None]","[0, 1, '', 0, None, None]","[0, 1, '', 0, None, None]","[0, 1, '', 0, None, None]","[0, 1, '', 0, None, None]","[0, 1, '', 0, None, None]","[0, 1, '', 0, None, None]","[0, 1, '', 0, None, None]","[0, 1, '', 0, None, None]","[0, 1, '', 0, None, None]","[0, 1, '', 0, None, None]","[0, 1, '', 0, None, None]","[0, 1, '', 0, None, None]","[0, 1, '', 0, None, None]","[0, 1, '', 0, None, None]","[0, 1, '', 0, None, None]","[0, 1, '', 0, None, None]","[0, 1, '', 0, None, None]","[0, 1, '', 0, None, None]","[0, 1, '', 0, None, None]","[0, 1, '', 0, None, None]","[0, 1, '', 0, None, None]","[0, 1, '', 0, None, None]","[0, 1, '', 0, None, None]","[0, 1, '', 0, None, None]","[0, 1, '', 0, None, None]","[0, 1, '', 0, None, None]","[0, 1, '', 0, None, None]","[0, 1, '', 0, None, None]","[0, 1, '', 0, None, None]","[0, 1, '', 0, None, None]","[0, 1, '', 0, None, None]","[1, 1, 'Sep', 0, None, None]","[0, 1, '', 0, None, None]","[0, 1, '', 0, None, None]","[0, 1, '', 0, None, None]","[0, 1, '', 0, None, None]","[0, 1, '', 0, None, None]","[0, 1, '', 0, None, None]","[0, 1, '', 0, None, None]","[0, 1, '', 0, None, None]","[0, 1, '', 0, None, None]","[0, 1, '', 0, None, None]","[0, 1, '', 0, None, None]","[0, 1, '', 0, None, None]","[0, 1, '', 0, None, None]","[0, 1, '', 0, None, None]","[0, 1, '', 0, None, None]","[0, 1, '', 0, None, None]","[0, 1, '', 0, None, None]","[0, 1, '', 0, None, None]",2019-12-05 18:28:49
LNER Ballast Pits Lincoln,nan,nan,nan,nan,nan,nan,nan,nan,nan,nan,nan,nan,nan,nan,nan,nan,nan,nan,nan,nan,nan,"[0, 1, '', 0, None, None]","[0, 1, '', 0, None, None]","[0, 1, '', 0, None, None]",nan,"[0, 1, '', 0, None, None]",nan,nan,nan,nan,nan,nan,nan,nan,nan,"[0, 1, '', 0, None, None]",nan,"[0, 1, '', 0, None, None]","[0, 1, '', 0, None, None]",nan,nan,nan,nan,nan,nan,nan,nan,nan,nan,nan,nan,nan,nan,"[0, 1, '', 0, None, None]","[0, 1, '', 0, None, None]","[0, 1, '', 0, None, None]","[0, 1, '', 0, None, None]","[0, 1, '', 0, None, None]","[0, 1, '', 0, None, None]","[0, 1, '', 0, None, None]",nan,nan,nan,nan,"[0, 2, '', 0, None, None]","[0, 1, '', 0, None, None]","[0, 1, '', 0, None, None]","[0, 1, '', 0, None, None]","[2, 1, 'Sep', 0, None, None]","[0, 1, '', 0, None, None]","[0, 1, '', 0, None, None]","[0, 1, '', 0, None, None]","[0, 1, '', 0, None, None]",2019-12-05 18:28:49
Lee Valley Gravel Pits,nan,nan,nan,nan,nan,nan,nan,nan,nan,nan,nan,nan,nan,nan,nan,nan,nan,nan,nan,nan,nan,"[0, 1, '', 0, None, None]","[0, 1, '', 0, None, None]","[0, 1, '', 0, None, None]","[0, 1, '', 0, None, None]","[0, 1, '', 0, None, None]","[0, 1, '', 0, None, None]","[0, 1, '', 0, None, None]","[0, 1, '', 0, None, None]","[0, 1, '', 0, None, None]","[0, 1, '', 0, None, None]","[0, 1, '', 0, None, None]","[0, 1, '', 0, None, None]","[0, 1, '', 0, None, None]","[0, 1, '', 0, None, None]","[0, 1, '', 0, None, None]","[0, 1, '', 0, None, None]","[0, 1, '', 0, None, None]","[0, 1, '', 0, None, None]","[0, 1, '', 0, None, None]","[0, 1, '', 0, None, None]","[0, 1, '', 0, None, None]","[0, 1, '', 0, None, None]","[0, 1, '', 0, None, None]","[0, 1, '', 0, None, None]","[0, 1, '', 0, None, None]","[0, 1, '', 0, None, None]","[0, 1, '', 0, None, None]","[0, 2, '', 0, None, None]","[1, 1, 'Nov', 0, None, None]","[0, 1, '', 0, None, None]","[0, 1, '', 0, None, None]","[0, 1, '', 0, None, None]","[0, 1, '', 0, None, None]","[0, 2, '', 0, None, None]","[0, 1, '', 0, None, None]","[0, 1, '', 0, None, None]","[0, 1, '', 0, None, None]","[0, 1, '', 0, None, None]","[0, 1, '', 0, None, None]","[0, 1, '', 0, None, None]","[0, 1, '', 0, None, None]","[0, 1, '', 0, None, None]","[0, 1, '', 0, None, None]","[0, 1, '', 0, None, None]","[0, 1, '', 0, None, None]","[0, 1, '', 0, None, None]","[0, 1, '', 0, None, None]","[0, 1, '', 0, None, None]","[0, 1, '', 0, None, None]","[0, 1, '', 0, None, None]","[0, 1, '', 0, None, None]","[0, 1, '', 0, None, None]",2019-12-05 18:28:49
Loch Leven,nan,nan,nan,nan,nan,nan,nan,nan,nan,nan,nan,nan,nan,nan,nan,nan,nan,nan,nan,nan,nan,"[0, 1, '', 0, None, None]","[0, 1, '', 0, None, None]","[0, 1, '', 0, None, None]","[0, 1, '', 0, None, None]","[0, 1, '', 0, None, None]","[0, 1, '', 0, None, None]","[0, 1, '', 0, None, None]","[0, 1, '', 0, None, None]","[0, 1, '', 0, None, None]","[0, 1, '', 0, None, None]","[0, 1, '', 0, None, None]","[0, 1, '', 0, None, None]","[0, 1, '', 0, None, None]","[0, 1, '', 0, None, None]","[0, 1, '', 0, None, None]","[0, 1, '', 0, None, None]","[0, 1, '', 0, None, None]","[0, 1, '', 0, None, None]","[0, 1, '', 0, None, None]","[0, 1, '', 0, None, None]","[0, 1, '', 0, None, None]","[0, 1, '', 0, None, None]","[0, 1, '', 0, None, None]","[0, 1, '', 0, None, None]","[0, 1, '', 0, None, None]","[0, 1, '', 0, None, None]","[0, 1, '', 0, None, None]","[0, 1, '', 0, None, None]","[0, 1, '', 0, None, None]","[0, 1, '', 0, None, None]","[0, 1, '', 0, None, None]","[0, 1, '', 0, None, None]","[0, 1, '', 0, None, None]","[0, 1, '', 0, None, None]","[0, 1, '', 0, None, None]","[0, 1, '', 0, None, None]","[0, 1, '', 0, None, None]","[0, 1, '', 0, None, None]","[0, 1, '', 0, None, None]","[0, 1, '', 0, None, None]","[0, 1, '', 0, None, None]","[0, 1, '', 0, None, None]","[0, 1, '', 0, None, None]","[0, 1, '', 0, None, None]","[0, 1, '', 0, None, None]","[1, 1, 'Apr', 1, 'Supplementary visit under the  WeBS Core Count Survey', 'WeBS']","[0, 1, '', 0, None, None]","[0, 1, '', 0, None, None]","[0, 1, '', 0, None, None]","[0, 1, '', 0, None, None]","[0, 1, '', 0, None, None]","[0, 1, '', 0, None, None]",2019-12-05 18:28:49
Loch a' Phuill (Tiree),nan,nan,nan,nan,nan,nan,nan,nan,nan,nan,nan,nan,nan,nan,nan,nan,nan,nan,nan,nan,nan,nan,nan,nan,nan,nan,nan,nan,nan,nan,nan,nan,nan,nan,nan,nan,nan,"[0, 1, '', 0, None, None]","[0, 1, '', 0, None, None]",nan,"[0, 1, '', 0, None, None]","[0, 1, '', 0, None, None]","[0, 1, '', 0, None, None]","[0, 1, '', 0, None, None]","[0, 1, '', 0, None, None]","[0, 1, '', 0, None, None]",nan,nan,nan,nan,nan,nan,"[1, 1, 'May', 0, None, None]","[0, 1, '', 0, None, None]","[0, 2, '', 0, None, None]","[0, 1, '', 0, None, None]","[0, 1, '', 0, None, None]","[0, 1, '', 0, None, None]","[0, 1, '', 0, None, None]","[0, 1, '', 0, None, None]","[0, 1, '', 0, None, None]","[0, 1, '', 0, None, None]","[0, 1, '', 0, None, None]","[0, 1, '', 0, None, None]","[0, 1, '', 0, None, None]","[0, 1, '', 0, None, None]","[0, 1, '', 0, None, None]","[0, 1, '', 0, None, None]","[0, 1, '', 0, None, None]","[0, 1, '', 0, None, None]","[0, 1, '', 0, None, None]","[0, 1, '', 0, None, None]","[0, 1, '', 0, None, None]",2019-12-05 18:28:49
Loch of Bosquoy,nan,nan,nan,nan,nan,nan,nan,nan,nan,nan,nan,nan,nan,nan,nan,nan,nan,nan,nan,nan,nan,"[0, 1, '', 0, None, None]","[0, 1, '', 0, None, None]","[0, 1, '', 0, None, None]","[0, 1, '', 0, None, None]","[0, 1, '', 0, None, None]","[0, 1, '', 0, None, None]","[0, 1, '', 0, None, None]",nan,nan,"[0, 1, '', 0, None, None]","[0, 1, '', 0, None, None]","[0, 1, '', 0, None, None]","[0, 1, '', 0, None, None]","[0, 1, '', 0, None, None]","[0, 1, '', 0, None, None]","[0, 1, '', 0, None, None]","[0, 1, '', 0, None, None]",nan,"[0, 1, '', 0, None, None]",nan,nan,nan,nan,nan,nan,"[0, 1, '', 0, None, None]","[0, 1, '', 0, None, None]","[0, 1, '', 0, None, None]","[0, 1, '', 0, None, None]","[0, 1, '', 0, None, None]","[0, 1, '', 0, None, None]","[0, 1, '', 0, None, None]","[0, 1, '', 0, None, None]","[0, 2, '', 0, None, None]","[0, 1, '', 0, None, None]","[0, 2, '', 0, None, None]","[0, 1, '', 0, None, None]","[0, 1, '', 0, None, None]","[0, 1, '', 0, None, None]","[0, 1, '', 0, None, None]","[0, 1, '', 0, None, None]","[0, 1, '', 0, None, None]","[0, 1, '', 0, None, None]","[0, 1, '', 0, None, None]","[0, 1, '', 0, None, None]","[0, 1, '', 0, None, None]","[0, 1, '', 0, None, None]","[1, 1, 'Jan', 0, None, None]","[0, 1, '', 0, None, None]","[0, 1, '', 0, None, None]","[0, 2, '', 0, None, None]","[0, 1, '', 0, None, None]",2019-12-05 18:28:49
North Norfolk Coast,nan,nan,nan,nan,nan,nan,nan,nan,nan,nan,nan,nan,nan,nan,nan,nan,nan,nan,nan,nan,nan,"[0, 1, '', 0, None, None]","[0, 1, '', 0, None, None]","[0, 1, '', 0, None, None]","[0, 1, '', 0, None, None]","[0, 1, '', 0, None, None]","[0, 1, '', 0, None, None]","[0, 1, '', 0, None, None]","[0, 1, '', 0, None, None]","[0, 1, '', 0, None, None]","[0, 1, '', 0, None, None]","[0, 1, '', 0, None, None]","[0, 1, '', 0, None, None]","[0, 1, '', 0, None, None]","[0, 1, '', 0, None, None]","[0, 1, '', 0, None, None]","[0, 1, '', 0, None, None]","[0, 1, '', 0, None, None]","[0, 1, '', 0, None, None]","[0, 1, '', 0, None, None]","[0, 1, '', 0, None, None]","[0, 1, '', 0, None, None]","[0, 1, '', 0, None, None]","[0, 1, '', 0, None, None]","[0, 1, '', 0, None, None]","[0, 1, '', 0, None, None]","[0, 1, '', 0, None, None]","[0, 1, '', 0, None, None]","[0, 1, '', 0, None, None]","[0, 1, '', 0, None, None]","[0, 1, '', 0, None, None]","[0, 1, '', 0, None, None]","[0, 1, '', 0, None, None]","[0, 1, '', 0, None, None]","[0, 1, '', 0, None, None]","[1, 1, 'Aug', 0, None, None]","[0, 1, '', 0, None, None]","[0, 1, '', 0, None, None]","[0, 1, '', 0, None, None]","[1, 1, 'May', 0, None, None]","[0, 1, '', 0, None, None]","[0, 1, '', 0, None, None]","[0, 1, '', 0, None, None]","[0, 1, '', 0, None, None]","[0, 1, '', 0, None, None]","[1, 1, 'Apr', 0, None, None]","[0, 1, '', 0, None, None]","[0, 1, '', 0, None, None]","[0, 1, '', 0, None, None]","[0, 1, '', 0, None, None]","[0, 1, '', 0, None, None]","[0, 1, '', 0, None, None]","[0, 1, '', 0, None, None]",2019-12-05 18:28:49
Ouse Fen and Pits (Hanson/RSPB),nan,nan,nan,nan,nan,nan,nan,nan,nan,nan,nan,nan,nan,nan,nan,nan,nan,nan,nan,nan,nan,nan,nan,nan,nan,nan,nan,nan,nan,nan,nan,nan,nan,nan,nan,nan,nan,nan,nan,nan,"[0, 1, '', 0, None, None]",nan,nan,nan,nan,nan,nan,"[0, 1, '', 0, None, None]","[0, 1, '', 0, None, None]","[0, 1, '', 0, None, None]","[0, 1, '', 0, None, None]","[0, 1, '', 0, None, None]","[0, 1, '', 0, None, None]","[0, 1, '', 0, None, None]","[0, 1, '', 0, None, None]","[0, 1, '', 0, None, None]",nan,"[0, 1, '', 0, None, None]","[0, 1, '', 0, None, None]","[0, 1, '', 0, None, None]","[0, 1, '', 0, None, None]","[0, 1, '', 0, None, None]","[0, 1, '', 0, None, None]","[0, 1, '', 0, None, None]","[1, 1, 'Jun', 0, None, None]","[0, 1, '', 0, None, None]","[0, 1, '', 0, None, None]","[0, 1, '', 0, None, None]","[0, 1, '', 0, None, None]","[0, 1, '', 0, None, None]","[0, 1, '', 0, None, None]","[0, 1, '', 0, None, None]","[0, 1, '', 0, None, None]",2019-12-05 18:28:49
Ribble Estuary,nan,nan,nan,nan,nan,nan,nan,nan,nan,nan,nan,nan,nan,nan,nan,nan,nan,nan,nan,nan,nan,"[0, 1, '', 0, None, None]","[0, 1, '', 0, None, None]","[0, 1, '', 0, None, None]","[0, 1, '', 0, None, None]","[0, 1, '', 0, None, None]","[0, 1, '', 0, None, None]","[0, 1, '', 0, None, None]","[0, 1, '', 0, None, None]","[0, 1, '', 0, None, None]",nan,"[0, 1, '', 0, None, None]","[0, 1, '', 0, None, None]","[0, 1, '', 0, None, None]","[0, 1, '', 0, None, None]","[0, 1, '', 0, None, None]","[0, 2, '', 0, None, None]","[0, 1, '', 0, None, None]","[0, 1, '', 0, None, None]","[0, 1, '', 0, None, None]","[0, 1, '', 0, None, None]","[0, 2, '', 0, None, None]","[0, 1, '', 0, None, None]","[0, 2, '', 0, None, None]","[0, 2, '', 0, None, None]","[0, 1, '', 0, None, None]","[0, 1, '', 0, None, None]","[0, 1, '', 0, None, None]","[0, 1, '', 0, None, None]","[0, 1, '', 0, None, None]","[0, 1, '', 0, None, None]","[0, 1, '', 0, None, None]","[0, 1, '', 0, None, None]","[0, 1, '', 0, None, None]","[0, 1, '', 0, None, None]","[0, 1, '', 0, None, None]","[0, 1, '', 0, None, None]","[0, 1, '', 0, None, None]","[0, 1, '', 0, None, None]","[0, 1, '', 0, None, None]","[0, 1, '', 0, None, None]","[0, 1, '', 0, None, None]","[0, 1, '', 0, None, None]","[0, 1, '', 0, None, None]","[0, 1, '', 0, None, None]","[0, 1, '', 0, None, None]","[0, 1, '', 0, None, None]","[1, 1, 'Sep', 0, None, None]","[0, 1, '', 0, None, None]","[0, 1, '', 0, None, None]","[0, 1, '', 0, None, None]","[0, 1, '', 0, None, None]","[0, 1, '', 0, None, None]",2019-12-05 18:28:49
Severn Estuary,nan,nan,nan,nan,nan,nan,nan,nan,nan,nan,nan,nan,nan,nan,nan,nan,nan,nan,nan,nan,nan,"[0, 1, '', 0, None, None]","[0, 1, '', 0, None, None]","[0, 1, '', 0, None, None]","[0, 1, '', 0, None, None]","[0, 1, '', 0, None, None]","[0, 1, '', 0, None, None]","[0, 1, '', 0, None, None]","[0, 1, '', 0, None, None]","[0, 1, '', 0, None, None]","[0, 1, '', 0, None, None]","[0, 1, '', 0, None, None]","[0, 1, '', 0, None, None]","[0, 1, '', 0, None, None]","[0, 1, '', 0, None, None]","[0, 1, '', 0, None, None]","[0, 1, '', 0, None, None]","[0, 1, '', 0, None, None]","[0, 1, '', 0, None, None]","[0, 1, '', 0, None, None]","[0, 1, '', 0, None, None]","[0, 2, '', 0, None, None]","[0, 2, '', 0, None, None]","[0, 1, '', 0, None, None]","[0, 1, '', 0, None, None]","[0, 1, '', 0, None, None]","[0, 1, '', 0, None, None]","[0, 1, '', 0, None, None]","[1, 1, 'Jul', 0, None, None]","[0, 1, '', 0, None, None]","[0, 1, '', 0, None, None]","[0, 1, '', 0, None, None]","[0, 1, '', 0, None, None]","[0, 1, '', 0, None, None]","[0, 1, '', 0, None, None]","[0, 1, '', 0, None, None]","[0, 1, '', 0, None, None]","[0, 1, '', 0, None, None]","[0, 1, '', 0, None, None]","[0, 1, '', 0, None, None]","[0, 1, '', 0, None, None]","[0, 1, '', 0, None, None]","[0, 1, '', 0, None, None]","[0, 1, '', 0, None, None]","[0, 1, '', 0, None, None]","[0, 1, '', 0, None, None]","[0, 1, '', 0, None, None]","[0, 1, '', 0, None, None]","[0, 1, '', 0, None, None]","[0, 1, '', 0, None, None]","[0, 1, '', 0, None, None]","[0, 1, '', 0, None, None]","[0, 1, '', 0, None, None]",2019-12-05 18:28:49
Severn Estuary (English counties),nan,nan,nan,nan,nan,nan,nan,nan,nan,nan,nan,nan,nan,nan,nan,nan,nan,nan,nan,nan,nan,"[0, 1, '', 0, None, None]","[0, 1, '', 0, None, None]","[0, 1, '', 0, None, None]","[0, 1, '', 0, None, None]","[0, 1, '', 0, None, None]","[0, 1, '', 0, None, None]","[0, 1, '', 0, None, None]","[0, 1, '', 0, None, None]","[0, 1, '', 0, None, None]","[0, 1, '', 0, None, None]","[0, 1, '', 0, None, None]","[0, 1, '', 0, None, None]","[0, 1, '', 0, None, None]","[0, 1, '', 0, None, None]","[0, 1, '', 0, None, None]","[0, 1, '', 0, None, None]","[0, 1, '', 0, None, None]","[0, 1, '', 0, None, None]","[0, 1, '', 0, None, None]","[0, 1, '', 0, None, None]","[0, 1, '', 0, None, None]","[0, 1, '', 0, None, None]","[0, 1, '', 0, None, None]","[0, 1, '', 0, None, None]","[0, 1, '', 0, None, None]","[0, 1, '', 0, None, None]","[0, 1, '', 0, None, None]","[1, 1, 'Jul', 0, None, None]","[0, 1, '', 0, None, None]","[0, 1, '', 0, None, None]","[0, 1, '', 0, None, None]","[0, 1, '', 0, None, None]","[0, 1, '', 0, None, None]","[0, 1, '', 0, None, None]","[0, 1, '', 0, None, None]","[0, 1, '', 0, None, None]","[0, 1, '', 0, None, None]","[0, 1, '', 0, None, None]","[0, 1, '', 0, None, None]","[0, 1, '', 0, None, None]","[0, 1, '', 0, None, None]","[0, 1, '', 0, None, None]","[0, 1, '', 0, None, None]","[0, 1, '', 0, None, None]","[0, 1, '', 0, None, None]","[0, 1, '', 0, None, None]","[0, 1, '', 0, None, None]","[0, 1, '', 0, None, None]","[0, 1, '', 0, None, None]","[0, 1, '', 0, None, None]","[0, 1, '', 0, None, None]","[0, 1, '', 0, None, None]",2019-12-05 18:28:49
Severn Estuary (Welsh counties),nan,nan,nan,nan,nan,nan,nan,nan,nan,nan,nan,nan,nan,nan,nan,nan,nan,nan,nan,nan,nan,"[0, 1, '', 0, None, None]","[0, 1, '', 0, None, None]","[0, 1, '', 0, None, None]","[0, 1, '', 0, None, None]","[0, 1, '', 0, None, None]","[0, 1, '', 0, None, None]","[0, 2, '', 0, None, None]","[0, 1, '', 0, None, None]","[0, 1, '', 0, None, None]","[0, 1, '', 0, None, None]","[0, 1, '', 0, None, None]","[0, 1, '', 0, None, None]",nan,"[0, 1, '', 0, None, None]",nan,nan,"[0, 1, '', 0, None, None]","[0, 1, '', 0, None, None]","[0, 1, '', 0, None, None]","[0, 1, '', 0, None, None]","[0, 2, '', 0, None, None]","[0, 2, '', 0, None, None]","[0, 2, '', 0, None, None]","[0, 1, '', 0, None, None]","[0, 1, '', 0, None, None]","[0, 1, '', 0, None, None]","[0, 1, '', 0, None, None]","[0, 1, '', 0, None, None]","[0, 1, '', 0, None, None]","[0, 1, '', 0, None, None]","[0, 1, '', 0, None, None]","[0, 1, '', 0, None, None]","[0, 1, '', 0, None, None]","[0, 1, '', 0, None, None]","[0, 1, '', 0, None, None]","[0, 1, '', 0, None, None]","[0, 1, '', 0, None, None]","[0, 1, '', 0, None, None]","[0, 1, '', 0, None, None]","[0, 1, '', 0, None, None]","[0, 1, '', 0, None, None]","[0, 1, '', 0, None, None]","[0, 1, '', 0, None, None]","[0, 1, '', 0, None, None]","[0, 1, '', 0, None, None]","[0, 1, '', 0, None, None]","[0, 1, '', 0, None, None]","[0, 1, '', 0, None, None]","[0, 1, '', 0, None, None]","[0, 1, '', 0, None, None]","[0, 1, '', 0, None, None]","[0, 1, '', 0, None, None]",2019-12-05 18:28:49
Stodmarsh,nan,nan,nan,nan,nan,nan,nan,nan,nan,nan,nan,nan,nan,nan,nan,nan,nan,nan,nan,nan,nan,"[0, 1, '', 0, None, None]","[0, 1, '', 0, None, None]","[0, 1, '', 0, None, None]","[0, 1, '', 0, None, None]","[0, 1, '', 0, None, None]","[0, 1, '', 0, None, None]","[0, 1, '', 0, None, None]","[0, 1, '', 0, None, None]","[0, 1, '', 0, None, None]","[0, 1, '', 0, None, None]","[0, 1, '', 0, None, None]","[0, 1, '', 0, None, None]","[0, 1, '', 0, None, None]","[0, 1, '', 0, None, None]","[0, 1, '', 0, None, None]","[0, 1, '', 0, None, None]","[0, 1, '', 0, None, None]","[0, 1, '', 0, None, None]","[0, 1, '', 0, None, None]","[0, 1, '', 0, None, None]","[0, 1, '', 0, None, None]",nan,nan,"[0, 1, '', 0, None, None]","[0, 1, '', 0, None, None]","[0, 1, '', 0, None, None]","[0, 1, '', 0, None, None]","[0, 1, '', 0, None, None]","[0, 1, '', 0, None, None]","[0, 1, '', 0, None, None]","[0, 1, '', 0, None, None]","[1, 1, 'Jun', 0, None, None]","[1, 1, 'Mar', 0, None, None]","[1, 1, 'Dec', 0, None, None]","[1, 1, 'Sep', 0, None, None]","[0, 1, '', 0, None, None]","[0, 1, '', 0, None, None]","[0, 1, '', 0, None, None]","[0, 1, '', 0, None, None]","[0, 1, '', 0, None, None]","[0, 1, '', 0, None, None]","[0, 1, '', 0, None, None]","[0, 1, '', 0, None, None]","[0, 1, '', 0, None, None]","[0, 1, '', 0, None, None]","[0, 1, '', 0, None, None]","[0, 1, '', 0, None, None]","[0, 1, '', 0, None, None]","[0, 1, '', 0, None, None]","[0, 1, '', 0, None, None]","[0, 1, '', 0, None, None]","[0, 1, '', 0, None, None]",2019-12-05 18:28:49
Stortons Gravel Pits,nan,nan,nan,nan,nan,nan,nan,nan,nan,nan,nan,nan,nan,nan,nan,nan,nan,nan,nan,nan,nan,nan,nan,nan,nan,nan,nan,nan,nan,nan,nan,nan,nan,"[0, 1, '', 0, None, None]","[0, 1, '', 0, None, None]","[0, 1, '', 0, None, None]","[0, 1, '', 0, None, None]","[0, 1, '', 0, None, None]","[0, 1, '', 0, None, None]","[0, 1, '', 0, None, None]","[0, 1, '', 0, None, None]","[0, 1, '', 0, None, None]","[0, 1, '', 0, None, None]","[0, 1, '', 0, None, None]","[0, 1, '', 0, None, None]","[0, 1, '', 0, None, None]","[0, 1, '', 0, None, None]","[0, 1, '', 0, None, None]","[0, 1, '', 0, None, None]","[0, 1, '', 0, None, None]","[0, 1, '', 0, None, None]","[0, 1, '', 0, None, None]","[0, 1, '', 0, None, None]","[0, 1, '', 0, None, None]","[0, 1, '', 0, None, None]","[1, 1, 'Jan', 0, None, None]","[0, 1, '', 0, None, None]","[0, 2, '', 0, None, None]","[0, 1, '', 0, None, None]","[0, 1, '', 0, None, None]","[0, 1, '', 0, None, None]","[0, 1, '', 0, None, None]","[0, 1, '', 0, None, None]",nan,nan,nan,nan,nan,"[0, 1, '', 0, None, None]","[0, 1, '', 0, None, None]","[0, 1, '', 0, None, None]","[0, 1, '', 0, None, None]","[0, 1, '', 0, None, None]",2019-12-05 18:28:49
Tees Estuary,nan,nan,nan,nan,nan,nan,nan,nan,nan,nan,nan,nan,nan,nan,nan,nan,nan,nan,nan,nan,nan,"[0, 1, '', 0, None, None]","[0, 1, '', 0, None, None]","[0, 1, '', 0, None, None]","[0, 1, '', 0, None, None]","[0, 1, '', 0, None, None]","[0, 1, '', 0, None, None]","[0, 1, '', 0, None, None]","[0, 1, '', 0, None, None]","[0, 1, '', 0, None, None]","[0, 1, '', 0, None, None]","[0, 1, '', 0, None, None]","[0, 1, '', 0, None, None]","[0, 1, '', 0, None, None]","[0, 1, '', 0, None, None]","[0, 1, '', 0, None, None]","[0, 1, '', 0, None, None]","[0, 1, '', 0, None, None]","[0, 1, '', 0, None, None]","[0, 1, '', 0, None, None]","[0, 1, '', 0, None, None]","[0, 1, '', 0, None, None]","[0, 1, '', 0, None, None]","[0, 1, '', 0, None, None]","[0, 1, '', 0, None, None]","[0, 1, '', 0, None, None]","[0, 1, '', 0, None, None]","[0, 1, '', 0, None, None]","[0, 1, '', 0, None, None]","[0, 1, '', 0, None, None]","[0, 1, '', 0, None, None]","[0, 1, '', 0, None, None]","[0, 1, '', 0, None, None]","[1, 1, 'Jan', 0, None, None]","[0, 1, '', 0, None, None]","[0, 1, '', 0, None, None]","[0, 1, '', 0, None, None]","[0, 1, '', 0, None, None]","[0, 1, '', 0, None, None]","[0, 1, '', 0, None, None]","[0, 1, '', 0, None, None]","[0, 1, '', 0, None, None]","[0, 1, '', 0, None, None]","[0, 1, '', 0, None, None]","[0, 1, '', 0, None, None]","[0, 1, '', 0, None, None]","[0, 1, '', 0, None, None]","[0, 1, '', 0, None, None]","[0, 1, '', 0, None, None]","[0, 1, '', 0, None, None]","[0, 1, '', 0, None, None]","[0, 1, '', 0, None, None]","[0, 1, '', 0, None, None]",2019-12-05 18:28:49
The Shunan,nan,nan,nan,nan,nan,nan,nan,nan,nan,nan,nan,nan,nan,nan,nan,nan,nan,nan,nan,nan,nan,nan,nan,nan,nan,nan,nan,nan,nan,nan,nan,nan,nan,nan,nan,nan,nan,nan,nan,"[0, 1, '', 0, None, None]",nan,nan,nan,nan,nan,nan,nan,nan,nan,nan,nan,nan,nan,nan,nan,nan,nan,nan,nan,nan,nan,nan,nan,nan,nan,nan,nan,"[0, 1, '', 0, None, None]","[0, 1, '', 0, None, None]","[1, 1, 'Jan', 0, None, None]","[0, 1, '', 0, None, None]","[0, 1, '', 0, None, None]","[0, 1, '', 0, None, None]",2019-12-05 18:28:49
Tring Reservoirs,nan,nan,nan,nan,nan,nan,nan,nan,nan,nan,nan,nan,nan,nan,nan,nan,nan,nan,nan,nan,nan,"[0, 1, '', 0, None, None]","[0, 1, '', 0, None, None]","[0, 1, '', 0, None, None]","[0, 1, '', 0, None, None]","[0, 1, '', 0, None, None]","[0, 1, '', 0, None, None]","[0, 1, '', 0, None, None]","[0, 1, '', 0, None, None]","[0, 1, '', 0, None, None]","[0, 1, '', 0, None, None]","[0, 1, '', 0, None, None]","[0, 1, '', 0, None, None]","[0, 1, '', 0, None, None]","[0, 1, '', 0, None, None]","[0, 1, '', 0, None, None]","[0, 1, '', 0, None, None]","[0, 1, '', 0, None, None]","[0, 1, '', 0, None, None]","[0, 1, '', 0, None, None]","[0, 1, '', 0, None, None]","[0, 1, '', 0, None, None]","[0, 1, '', 0, None, None]","[0, 1, '', 0, None, None]",nan,"[0, 1, '', 0, None, None]","[0, 1, '', 0, None, None]","[0, 1, '', 0, None, None]","[0, 1, '', 0, None, None]","[0, 1, '', 0, None, None]","[0, 1, '', 0, None, None]","[1, 1, 'Sep', 0, None, None]","[0, 1, '', 0, None, None]","[0, 1, '', 0, None, None]","[0, 1, '', 0, None, None]","[0, 1, '', 0, None, None]","[0, 1, '', 0, None, None]","[0, 1, '', 0, None, None]","[0, 1, '', 0, None, None]","[0, 1, '', 0, None, None]","[0, 1, '', 0, None, None]","[0, 1, '', 0, None, None]","[0, 1, '', 0, None, None]","[0, 1, '', 0, None, None]","[0, 1, '', 0, None, None]","[0, 1, '', 0, None, None]","[0, 1, '', 0, None, None]","[0, 1, '', 0, None, None]","[0, 1, '', 0, None, None]","[0, 1, '', 0, None, None]","[0, 1, '', 0, None, None]","[0, 1, '', 0, None, None]","[0, 1, '', 0, None, None]",2019-12-05 18:28:49
Wellington Gravel Pits,nan,nan,nan,nan,nan,nan,nan,nan,nan,nan,nan,nan,nan,nan,nan,nan,nan,nan,nan,nan,nan,nan,nan,nan,nan,nan,nan,nan,nan,nan,nan,nan,nan,nan,nan,nan,nan,nan,nan,nan,nan,nan,nan,nan,nan,nan,nan,nan,"[0, 1, '', 0, None, None]","[0, 1, '', 0, None, None]","[0, 1, '', 0, None, None]","[0, 1, '', 0, None, None]","[0, 1, '', 0, None, None]","[0, 1, '', 0, None, None]","[0, 1, '', 0, None, None]","[0, 1, '', 0, None, None]",nan,"[0, 1, '', 0, None, None]","[0, 1, '', 0, None, None]","[0, 1, '', 0, None, None]",nan,"[0, 1, '', 0, None, None]","[0, 1, '', 0, None, None]","[0, 1, '', 0, None, None]","[0, 1, '', 0, None, None]","[0, 1, '', 0, None, None]","[0, 1, '', 0, None, None]","[0, 1, '', 0, None, None]","[1, 1, 'Nov', 0, None, None]","[0, 1, '', 0, None, None]","[0, 1, '', 0, None, None]","[0, 1, '', 0, None, None]","[0, 1, '', 0, None, None]",2019-12-05 18:28:49
Wigtown Bay,nan,nan,nan,nan,nan,nan,nan,nan,nan,nan,nan,nan,nan,nan,nan,nan,nan,nan,nan,nan,nan,"[0, 1, '', 0, None, None]","[0, 1, '', 0, None, None]","[0, 1, '', 0, None, None]","[0, 1, '', 0, None, None]","[0, 1, '', 0, None, None]","[0, 1, '', 0, None, None]","[0, 1, '', 0, None, None]","[0, 1, '', 0, None, None]","[0, 1, '', 0, None, None]","[0, 1, '', 0, None, None]","[0, 1, '', 0, None, None]","[0, 1, '', 0, None, None]","[0, 1, '', 0, None, None]","[0, 1, '', 0, None, None]",nan,"[0, 1, '', 0, None, None]","[0, 1, '', 0, None, None]","[0, 1, '', 0, None, None]","[0, 2, '', 0, None, None]","[0, 1, '', 0, None, None]","[0, 1, '', 0, None, None]","[0, 1, '', 0, None, None]","[0, 1, '', 0, None, None]","[0, 1, '', 0, None, None]","[0, 1, '', 0, None, None]","[0, 1, '', 0, None, None]","[0, 2, '', 0, None, None]","[0, 1, '', 0, None, None]","[0, 1, '', 0, None, None]","[0, 1, '', 0, None, None]","[0, 1, '', 0, None, None]","[0, 1, '', 0, None, None]","[0, 1, '', 0, None, None]","[0, 1, '', 0, None, None]","[0, 1, '', 0, None, None]","[0, 1, '', 0, None, None]","[0, 1, '', 0, None, None]","[0, 2, '', 0, None, None]","[0, 2, '', 0, None, None]","[0, 1, '', 0, None, None]","[0, 1, '', 0, None, None]","[0, 1, '', 0, None, None]","[1, 1, 'Sep', 0, None, None]","[0, 1, '', 0, None, None]","[0, 1, '', 0, None, None]","[0, 1, '', 0, None, None]","[0, 1, '', 0, None, None]","[0, 1, '', 0, None, None]","[0, 1, '', 0, None, None]","[0, 1, '', 0, None, None]","[0, 1, '', 0, None, None]","[0, 1, '', 0, None, None]",2019-12-05 18:28:49
