Site,1935,1936,1937,1938,1939,1940,1941,1942,1943,1944,1945,1946,1947,1948,1949,1950,1951,1952,1953,1954,1955,1956,1957,1958,1959,1960,1961,1962,1963,1964,1965,1966,1967,1968,1969,1970,1971,1972,1973,1974,1975,1976,1977,1978,1979,1980,1981,1982,1983,1984,1985,1986,1987,1988,1989,1990,1991,1992,1993,1994,1995,1996,1997,1998,1999,2000,2001,2002,2003,2004,2005,2006,2007,2008,2009,2010,2011,2012,2013,2014,2015,2016,2017,RoughTimeAccessed
Pegwell Bay,nan,nan,nan,nan,nan,nan,nan,nan,nan,nan,nan,nan,nan,nan,nan,nan,nan,nan,nan,nan,nan,nan,nan,nan,nan,nan,nan,nan,nan,nan,nan,nan,nan,nan,nan,"[0, 1, '', 0, None, None]","[0, 1, '', 0, None, None]","[0, 1, '', 0, None, None]","[0, 1, '', 0, None, None]","[0, 1, '', 0, None, None]","[0, 1, '', 0, None, None]","[0, 1, '', 0, None, None]","[0, 1, '', 0, None, None]","[0, 1, '', 0, None, None]","[0, 1, '', 0, None, None]",nan,nan,"[0, 1, '', 0, None, None]","[0, 1, '', 0, None, None]","[0, 1, '', 0, None, None]","[0, 1, '', 0, None, None]","[0, 1, '', 0, None, None]","[0, 1, '', 0, None, None]","[0, 1, '', 0, None, None]","[0, 1, '', 0, None, None]","[0, 1, '', 0, None, None]","[0, 1, '', 0, None, None]","[0, 1, '', 0, None, None]","[0, 1, '', 0, None, None]","[0, 1, '', 0, None, None]","[0, 1, '', 0, None, None]","[0, 1, '', 0, None, None]","[0, 1, '', 0, None, None]","[0, 1, '', 0, None, None]","[0, 1, '', 0, None, None]","[0, 1, '', 0, None, None]","[0, 1, '', 0, None, None]","[0, 1, '', 0, None, None]","[0, 1, '', 0, None, None]","[0, 1, '', 0, None, None]","[0, 1, '', 0, None, None]","[0, 2, '', 0, None, None]","[0, 1, '', 0, None, None]","[0, 1, '', 0, None, None]","[0, 1, '', 0, None, None]","[0, 1, '', 0, None, None]","[0, 1, '', 0, None, None]","[0, 1, '', 0, None, None]","[1, 1, 'May', 1, 'Supplementary visit under the  WeBS Core Count Survey', 'WeBS']","[1, 1, 'Apr', 1, 'Supplementary visit under the  WeBS Core Count Survey', 'WeBS']","[0, 1, '', 0, None, None]","[0, 1, '', 0, None, None]","[1, 1, 'Sep', 0, None, None]",2020-01-19 18:02:33
Alde Estuary,nan,nan,nan,nan,nan,nan,nan,nan,nan,nan,nan,nan,nan,nan,nan,nan,nan,nan,nan,nan,nan,nan,nan,nan,nan,nan,nan,nan,nan,nan,nan,nan,nan,nan,nan,"[0, 1, '', 0, None, None]","[0, 2, '', 0, None, None]","[0, 1, '', 0, None, None]","[0, 1, '', 0, None, None]","[0, 1, '', 0, None, None]","[0, 1, '', 0, None, None]","[0, 1, '', 0, None, None]","[0, 1, '', 0, None, None]","[0, 1, '', 0, None, None]","[0, 1, '', 0, None, None]","[0, 1, '', 0, None, None]","[0, 1, '', 0, None, None]","[0, 1, '', 0, None, None]","[0, 1, '', 0, None, None]","[0, 1, '', 0, None, None]","[0, 1, '', 0, None, None]","[0, 1, '', 0, None, None]","[0, 2, '', 0, None, None]","[0, 1, '', 0, None, None]","[0, 1, '', 0, None, None]","[0, 1, '', 0, None, None]","[0, 1, '', 0, None, None]","[0, 1, '', 0, None, None]","[0, 1, '', 0, None, None]","[0, 1, '', 0, None, None]","[1, 1, 'Sep', 0, None, None]","[0, 1, '', 0, None, None]","[0, 2, '', 0, None, None]","[0, 1, '', 0, None, None]","[0, 1, '', 0, None, None]","[0, 1, '', 0, None, None]","[0, 1, '', 0, None, None]","[0, 1, '', 0, None, None]","[0, 1, '', 0, None, None]","[0, 1, '', 0, None, None]","[0, 1, '', 0, None, None]","[0, 1, '', 0, None, None]","[0, 1, '', 0, None, None]","[0, 1, '', 0, None, None]","[0, 1, '', 0, None, None]","[0, 1, '', 0, None, None]","[0, 1, '', 0, None, None]","[0, 1, '', 0, None, None]","[0, 1, '', 0, None, None]","[0, 1, '', 0, None, None]","[0, 1, '', 0, None, None]","[0, 1, '', 0, None, None]","[0, 1, '', 0, None, None]",2020-01-19 18:02:33
Brading Harbour,nan,nan,nan,nan,nan,nan,nan,nan,nan,nan,nan,nan,nan,nan,nan,nan,nan,nan,nan,nan,nan,nan,nan,nan,nan,nan,nan,nan,nan,nan,nan,nan,nan,nan,nan,"[0, 1, '', 0, None, None]","[0, 1, '', 0, None, None]","[0, 1, '', 0, None, None]","[0, 1, '', 0, None, None]","[0, 1, '', 0, None, None]","[0, 1, '', 0, None, None]","[0, 1, '', 0, None, None]","[0, 1, '', 0, None, None]","[0, 1, '', 0, None, None]","[0, 1, '', 0, None, None]","[0, 1, '', 0, None, None]","[0, 1, '', 0, None, None]","[0, 1, '', 0, None, None]","[0, 1, '', 0, None, None]","[0, 1, '', 0, None, None]","[0, 1, '', 0, None, None]","[0, 1, '', 0, None, None]","[0, 1, '', 0, None, None]","[0, 1, '', 0, None, None]","[0, 1, '', 0, None, None]","[0, 1, '', 0, None, None]","[0, 1, '', 0, None, None]","[0, 1, '', 0, None, None]","[0, 1, '', 0, None, None]","[0, 1, '', 0, None, None]","[0, 2, '', 0, None, None]","[0, 1, '', 0, None, None]","[0, 1, '', 0, None, None]","[0, 1, '', 0, None, None]","[0, 2, '', 0, None, None]","[0, 1, '', 0, None, None]","[0, 1, '', 0, None, None]","[0, 1, '', 0, None, None]","[0, 1, '', 0, None, None]","[0, 1, '', 0, None, None]","[0, 1, '', 0, None, None]","[0, 1, '', 0, None, None]","[0, 1, '', 0, None, None]","[0, 2, '', 0, None, None]","[0, 1, '', 0, None, None]","[0, 1, '', 0, None, None]","[0, 1, '', 0, None, None]","[0, 1, '', 0, None, None]","[0, 1, '', 0, None, None]","[0, 1, '', 0, None, None]","[0, 2, '', 0, None, None]","[0, 1, '', 0, None, None]","[0, 1, '', 0, None, None]",2020-01-19 18:02:33
Dungeness and Rye Bay,nan,nan,nan,nan,nan,nan,nan,nan,nan,nan,nan,nan,nan,nan,nan,nan,nan,nan,nan,nan,nan,nan,nan,nan,nan,nan,nan,nan,nan,nan,nan,nan,nan,nan,nan,nan,nan,nan,nan,"[0, 1, '', 0, None, None]","[0, 1, '', 0, None, None]",nan,"[0, 1, '', 0, None, None]",nan,"[0, 1, '', 0, None, None]","[0, 1, '', 0, None, None]",nan,"[0, 1, '', 0, None, None]","[0, 1, '', 0, None, None]","[0, 1, '', 0, None, None]","[0, 1, '', 0, None, None]","[0, 1, '', 0, None, None]","[0, 1, '', 0, None, None]","[0, 1, '', 0, None, None]","[0, 1, '', 0, None, None]","[0, 1, '', 0, None, None]","[0, 1, '', 0, None, None]","[0, 1, '', 0, None, None]","[0, 1, '', 0, None, None]","[0, 1, '', 0, None, None]","[0, 1, '', 0, None, None]","[0, 1, '', 0, None, None]","[0, 1, '', 0, None, None]","[0, 1, '', 0, None, None]","[0, 1, '', 0, None, None]","[0, 1, '', 0, None, None]","[0, 1, '', 0, None, None]","[0, 1, '', 0, None, None]","[0, 1, '', 0, None, None]","[0, 1, '', 0, None, None]","[0, 1, '', 0, None, None]","[0, 1, '', 0, None, None]","[0, 1, '', 0, None, None]","[0, 1, '', 0, None, None]","[0, 1, '', 0, None, None]","[0, 1, '', 0, None, None]","[0, 1, '', 0, None, None]","[0, 1, '', 0, None, None]","[0, 1, '', 0, None, None]","[0, 1, '', 0, None, None]","[0, 1, '', 0, None, None]","[0, 1, '', 0, None, None]","[0, 1, '', 0, None, None]",2020-01-19 18:02:33
Guernsey Shore,nan,nan,nan,nan,nan,nan,nan,nan,nan,nan,nan,nan,nan,nan,nan,nan,nan,nan,nan,nan,nan,nan,nan,nan,nan,nan,nan,nan,nan,nan,nan,nan,nan,nan,nan,nan,nan,nan,nan,nan,nan,nan,nan,"[0, 1, '', 0, None, None]","[0, 1, '', 0, None, None]","[0, 1, '', 0, None, None]","[0, 1, '', 0, None, None]","[0, 1, '', 0, None, None]","[0, 1, '', 0, None, None]","[0, 1, '', 0, None, None]","[0, 1, '', 0, None, None]","[0, 1, '', 0, None, None]","[0, 1, '', 0, None, None]","[0, 1, '', 0, None, None]","[0, 1, '', 0, None, None]","[0, 2, '', 0, None, None]","[0, 1, '', 0, None, None]","[0, 1, '', 0, None, None]","[0, 2, '', 0, None, None]","[0, 2, '', 0, None, None]","[0, 2, '', 0, None, None]","[0, 1, '', 0, None, None]","[0, 1, '', 0, None, None]","[0, 1, '', 0, None, None]","[0, 2, '', 0, None, None]","[0, 1, '', 0, None, None]","[0, 2, '', 0, None, None]","[0, 1, '', 0, None, None]","[0, 1, '', 0, None, None]","[0, 1, '', 0, None, None]","[0, 1, '', 0, None, None]","[0, 1, '', 0, None, None]","[0, 1, '', 0, None, None]","[0, 1, '', 0, None, None]","[0, 1, '', 0, None, None]","[0, 1, '', 0, None, None]","[0, 1, '', 0, None, None]","[0, 1, '', 0, None, None]","[0, 1, '', 0, None, None]","[0, 1, '', 0, None, None]","[0, 1, '', 0, None, None]","[0, 1, '', 0, None, None]","[0, 2, '', 0, None, None]",2020-01-19 18:02:33
Humber Estuary,nan,nan,nan,nan,nan,nan,nan,nan,nan,nan,nan,nan,nan,nan,nan,nan,nan,nan,nan,nan,nan,nan,nan,nan,nan,nan,nan,nan,nan,nan,nan,nan,nan,nan,nan,"[0, 1, '', 0, None, None]","[0, 1, '', 0, None, None]","[0, 1, '', 0, None, None]","[0, 1, '', 0, None, None]","[0, 1, '', 0, None, None]","[0, 1, '', 0, None, None]","[0, 1, '', 0, None, None]","[0, 1, '', 0, None, None]","[0, 2, '', 0, None, None]","[0, 2, '', 0, None, None]","[0, 1, '', 0, None, None]","[0, 2, '', 0, None, None]","[0, 1, '', 0, None, None]","[0, 2, '', 0, None, None]","[0, 1, '', 0, None, None]","[0, 1, '', 0, None, None]","[0, 2, '', 0, None, None]","[0, 1, '', 0, None, None]","[0, 1, '', 0, None, None]","[0, 1, '', 0, None, None]","[0, 1, '', 0, None, None]","[0, 1, '', 0, None, None]","[0, 1, '', 0, None, None]","[0, 1, '', 0, None, None]","[0, 1, '', 0, None, None]","[0, 1, '', 0, None, None]","[0, 1, '', 0, None, None]","[0, 1, '', 0, None, None]","[0, 1, '', 0, None, None]","[0, 1, '', 0, None, None]","[0, 1, '', 0, None, None]","[0, 1, '', 0, None, None]","[0, 1, '', 0, None, None]","[0, 1, '', 0, None, None]","[0, 1, '', 0, None, None]","[0, 1, '', 0, None, None]","[0, 1, '', 0, None, None]","[0, 1, '', 0, None, None]","[0, 1, '', 0, None, None]","[0, 1, '', 0, None, None]","[0, 1, '', 0, None, None]","[0, 1, '', 0, None, None]","[0, 1, '', 0, None, None]","[0, 1, '', 0, None, None]","[0, 1, '', 0, None, None]","[0, 1, '', 0, None, None]","[0, 1, '', 0, None, None]","[0, 1, '', 0, None, None]",2020-01-19 18:02:33
Langstone Harbour,nan,nan,nan,nan,nan,nan,nan,nan,nan,nan,nan,nan,nan,nan,nan,nan,nan,nan,nan,nan,nan,nan,nan,nan,nan,nan,nan,nan,nan,nan,nan,nan,nan,nan,nan,"[0, 1, '', 0, None, None]","[0, 1, '', 0, None, None]","[0, 1, '', 0, None, None]","[0, 1, '', 0, None, None]","[1, 1, 'Dec', 0, None, None]","[0, 1, '', 0, None, None]","[0, 1, '', 0, None, None]","[0, 1, '', 0, None, None]","[0, 1, '', 0, None, None]","[0, 1, '', 0, None, None]","[0, 1, '', 0, None, None]","[0, 1, '', 0, None, None]","[0, 1, '', 0, None, None]","[0, 1, '', 0, None, None]","[0, 1, '', 0, None, None]","[0, 1, '', 0, None, None]","[0, 1, '', 0, None, None]","[0, 1, '', 0, None, None]","[0, 1, '', 0, None, None]","[0, 1, '', 0, None, None]","[0, 1, '', 0, None, None]","[0, 1, '', 0, None, None]","[0, 1, '', 0, None, None]","[0, 2, '', 0, None, None]","[0, 1, '', 0, None, None]","[0, 1, '', 0, None, None]","[0, 1, '', 0, None, None]","[0, 1, '', 0, None, None]","[0, 1, '', 0, None, None]","[0, 1, '', 0, None, None]","[0, 1, '', 0, None, None]","[0, 1, '', 0, None, None]","[0, 1, '', 0, None, None]","[0, 1, '', 0, None, None]","[0, 1, '', 0, None, None]","[0, 1, '', 0, None, None]","[0, 1, '', 0, None, None]","[0, 1, '', 0, None, None]","[0, 1, '', 0, None, None]","[0, 1, '', 0, None, None]","[0, 1, '', 0, None, None]","[0, 1, '', 0, None, None]","[0, 1, '', 0, None, None]","[0, 2, '', 0, None, None]","[0, 1, '', 0, None, None]","[0, 1, '', 0, None, None]","[0, 1, '', 0, None, None]","[0, 1, '', 0, None, None]",2020-01-19 18:02:33
Medway Estuary,nan,nan,nan,nan,nan,nan,nan,nan,nan,nan,nan,nan,nan,nan,nan,nan,nan,nan,nan,nan,nan,nan,nan,nan,nan,nan,nan,nan,nan,nan,nan,nan,nan,nan,nan,"[0, 1, '', 0, None, None]","[0, 1, '', 0, None, None]","[0, 1, '', 0, None, None]","[0, 1, '', 0, None, None]","[0, 1, '', 0, None, None]","[0, 1, '', 0, None, None]","[0, 1, '', 0, None, None]","[0, 1, '', 0, None, None]","[0, 1, '', 0, None, None]","[0, 1, '', 0, None, None]","[0, 1, '', 0, None, None]","[0, 1, '', 0, None, None]","[0, 2, '', 0, None, None]","[0, 1, '', 0, None, None]","[0, 2, '', 0, None, None]","[0, 2, '', 0, None, None]","[0, 2, '', 0, None, None]","[0, 2, '', 0, None, None]","[0, 2, '', 0, None, None]","[0, 2, '', 0, None, None]","[0, 2, '', 0, None, None]","[0, 1, '', 0, None, None]","[0, 1, '', 0, None, None]","[0, 1, '', 0, None, None]","[0, 1, '', 0, None, None]","[0, 1, '', 0, None, None]","[0, 1, '', 0, None, None]","[0, 1, '', 0, None, None]","[0, 1, '', 0, None, None]","[0, 1, '', 0, None, None]","[0, 1, '', 0, None, None]","[0, 1, '', 0, None, None]","[0, 1, '', 0, None, None]","[0, 1, '', 0, None, None]","[0, 1, '', 0, None, None]","[0, 1, '', 0, None, None]","[0, 1, '', 0, None, None]","[0, 1, '', 0, None, None]","[0, 1, '', 0, None, None]","[0, 1, '', 0, None, None]","[0, 1, '', 0, None, None]","[0, 1, '', 0, None, None]","[0, 1, '', 0, None, None]","[0, 1, '', 0, None, None]","[0, 1, '', 0, None, None]","[0, 1, '', 0, None, None]","[0, 1, '', 0, None, None]","[0, 1, '', 0, None, None]",2020-01-19 18:02:33
North Norfolk Coast,nan,nan,nan,nan,nan,nan,nan,nan,nan,nan,nan,nan,nan,nan,nan,nan,nan,nan,nan,nan,nan,nan,nan,nan,nan,nan,nan,nan,nan,nan,nan,nan,nan,nan,nan,nan,nan,nan,nan,nan,nan,nan,nan,nan,nan,nan,nan,"[0, 1, '', 0, None, None]","[0, 1, '', 0, None, None]","[0, 1, '', 0, None, None]","[0, 1, '', 0, None, None]","[0, 2, '', 0, None, None]","[0, 1, '', 0, None, None]","[0, 2, '', 0, None, None]","[0, 1, '', 0, None, None]","[0, 2, '', 0, None, None]","[0, 1, '', 0, None, None]","[1, 1, 'Mar', 0, None, None]","[0, 1, '', 0, None, None]","[0, 1, '', 0, None, None]","[0, 1, '', 0, None, None]","[0, 1, '', 0, None, None]","[0, 1, '', 0, None, None]","[0, 1, '', 0, None, None]","[0, 1, '', 0, None, None]","[0, 1, '', 0, None, None]","[0, 1, '', 0, None, None]","[0, 1, '', 0, None, None]","[0, 1, '', 0, None, None]","[0, 1, '', 0, None, None]","[0, 1, '', 0, None, None]","[0, 1, '', 0, None, None]","[0, 1, '', 0, None, None]","[0, 1, '', 0, None, None]","[0, 1, '', 0, None, None]","[0, 1, '', 0, None, None]","[0, 1, '', 0, None, None]","[0, 1, '', 0, None, None]","[0, 1, '', 0, None, None]","[0, 1, '', 0, None, None]","[0, 1, '', 0, None, None]","[0, 1, '', 0, None, None]","[0, 1, '', 0, None, None]",2020-01-19 18:02:33
North West Solent,nan,nan,nan,nan,nan,nan,nan,nan,nan,nan,nan,nan,nan,nan,nan,nan,nan,nan,nan,nan,nan,nan,nan,nan,nan,nan,nan,nan,nan,nan,nan,nan,nan,nan,nan,"[0, 2, '', 0, None, None]","[0, 2, '', 0, None, None]","[0, 1, '', 0, None, None]","[0, 1, '', 0, None, None]","[0, 1, '', 0, None, None]","[0, 1, '', 0, None, None]","[0, 1, '', 0, None, None]","[0, 1, '', 0, None, None]","[0, 1, '', 0, None, None]","[0, 2, '', 0, None, None]","[0, 1, '', 0, None, None]","[0, 1, '', 0, None, None]","[0, 2, '', 0, None, None]","[0, 1, '', 0, None, None]","[0, 1, '', 0, None, None]","[0, 1, '', 0, None, None]","[0, 1, '', 0, None, None]","[0, 2, '', 0, None, None]","[0, 2, '', 0, None, None]","[1, 1, 'Oct', 0, None, None]","[0, 1, '', 0, None, None]","[0, 1, '', 0, None, None]","[0, 1, '', 0, None, None]","[0, 1, '', 0, None, None]","[0, 2, '', 0, None, None]","[0, 2, '', 0, None, None]","[0, 2, '', 0, None, None]","[0, 2, '', 0, None, None]","[0, 1, '', 0, None, None]","[0, 2, '', 0, None, None]","[0, 2, '', 0, None, None]","[0, 1, '', 0, None, None]","[0, 1, '', 0, None, None]","[0, 1, '', 0, None, None]","[0, 1, '', 0, None, None]","[0, 2, '', 0, None, None]","[0, 1, '', 0, None, None]","[0, 1, '', 0, None, None]","[0, 1, '', 0, None, None]","[0, 1, '', 0, None, None]","[0, 1, '', 0, None, None]","[0, 1, '', 0, None, None]","[0, 1, '', 0, None, None]","[0, 1, '', 0, None, None]","[0, 1, '', 0, None, None]","[0, 1, '', 0, None, None]","[0, 1, '', 0, None, None]","[0, 1, '', 0, None, None]",2020-01-19 18:02:33
Nunnery Lakes,nan,nan,nan,nan,nan,nan,nan,nan,nan,nan,nan,nan,nan,nan,nan,nan,nan,nan,nan,nan,nan,nan,nan,nan,nan,nan,nan,nan,nan,nan,nan,nan,nan,nan,nan,nan,nan,nan,nan,nan,nan,nan,nan,nan,nan,nan,nan,nan,nan,nan,nan,nan,nan,nan,nan,nan,"[0, 1, '', 0, None, None]","[0, 1, '', 0, None, None]","[0, 1, '', 0, None, None]","[0, 1, '', 0, None, None]","[0, 1, '', 0, None, None]","[0, 1, '', 0, None, None]","[0, 1, '', 0, None, None]","[0, 1, '', 0, None, None]","[0, 1, '', 0, None, None]","[0, 1, '', 0, None, None]","[0, 1, '', 0, None, None]","[0, 1, '', 0, None, None]","[0, 1, '', 0, None, None]","[0, 1, '', 0, None, None]","[0, 1, '', 0, None, None]","[0, 1, '', 0, None, None]","[1, 1, 'Sep', 0, None, None]","[0, 1, '', 0, None, None]","[0, 1, '', 0, None, None]","[0, 1, '', 0, None, None]","[0, 1, '', 0, None, None]","[0, 1, '', 0, None, None]","[0, 1, '', 0, None, None]","[0, 1, '', 0, None, None]","[0, 1, '', 0, None, None]","[0, 1, '', 0, None, None]","[0, 1, '', 0, None, None]",2020-01-19 18:02:33
Portsmouth Harbour,nan,nan,nan,nan,nan,nan,nan,nan,nan,nan,nan,nan,nan,nan,nan,nan,nan,nan,nan,nan,nan,nan,nan,nan,nan,nan,nan,nan,nan,nan,nan,nan,nan,nan,nan,"[0, 1, '', 0, None, None]","[0, 1, '', 0, None, None]","[0, 1, '', 0, None, None]","[0, 1, '', 0, None, None]","[0, 1, '', 0, None, None]","[0, 1, '', 0, None, None]","[0, 1, '', 0, None, None]","[0, 1, '', 0, None, None]","[0, 1, '', 0, None, None]","[0, 1, '', 0, None, None]","[0, 1, '', 0, None, None]","[0, 1, '', 0, None, None]","[1, 1, 'Mar', 0, None, None]","[0, 1, '', 0, None, None]","[0, 1, '', 0, None, None]","[0, 1, '', 0, None, None]","[0, 1, '', 0, None, None]","[0, 1, '', 0, None, None]","[0, 1, '', 0, None, None]","[0, 1, '', 0, None, None]","[0, 1, '', 0, None, None]","[0, 1, '', 0, None, None]","[0, 1, '', 0, None, None]","[0, 1, '', 0, None, None]","[0, 1, '', 0, None, None]","[0, 1, '', 0, None, None]","[0, 1, '', 0, None, None]","[0, 2, '', 0, None, None]","[0, 2, '', 0, None, None]","[0, 1, '', 0, None, None]","[0, 1, '', 0, None, None]","[0, 1, '', 0, None, None]","[0, 1, '', 0, None, None]","[0, 1, '', 0, None, None]","[0, 1, '', 0, None, None]","[0, 1, '', 0, None, None]","[0, 1, '', 0, None, None]","[0, 1, '', 0, None, None]","[0, 1, '', 0, None, None]","[0, 1, '', 0, None, None]","[0, 1, '', 0, None, None]","[0, 1, '', 0, None, None]","[0, 1, '', 0, None, None]","[0, 1, '', 0, None, None]","[0, 1, '', 0, None, None]","[0, 1, '', 0, None, None]","[0, 1, '', 0, None, None]","[0, 2, '', 0, None, None]",2020-01-19 18:02:33
Severn Estuary,nan,nan,nan,nan,nan,nan,nan,nan,nan,nan,nan,nan,nan,nan,nan,nan,nan,nan,nan,nan,nan,nan,nan,nan,nan,nan,nan,nan,nan,nan,nan,nan,nan,nan,nan,"[0, 1, '', 0, None, None]","[0, 1, '', 0, None, None]","[0, 1, '', 0, None, None]","[1, 1, 'Oct', 0, None, None]","[0, 1, '', 0, None, None]","[0, 1, '', 0, None, None]","[0, 1, '', 0, None, None]","[0, 1, '', 0, None, None]","[0, 1, '', 0, None, None]","[0, 1, '', 0, None, None]","[0, 1, '', 0, None, None]","[0, 1, '', 0, None, None]","[0, 1, '', 0, None, None]","[0, 1, '', 0, None, None]","[0, 1, '', 0, None, None]","[0, 1, '', 0, None, None]","[0, 1, '', 0, None, None]","[0, 1, '', 0, None, None]","[0, 1, '', 0, None, None]","[0, 1, '', 0, None, None]","[0, 1, '', 0, None, None]","[0, 1, '', 0, None, None]","[0, 1, '', 0, None, None]","[0, 1, '', 0, None, None]","[0, 1, '', 0, None, None]","[0, 1, '', 0, None, None]","[0, 1, '', 0, None, None]","[0, 1, '', 0, None, None]","[0, 1, '', 0, None, None]","[0, 1, '', 0, None, None]","[0, 1, '', 0, None, None]","[0, 1, '', 0, None, None]","[0, 1, '', 0, None, None]","[0, 1, '', 0, None, None]","[0, 1, '', 0, None, None]","[0, 1, '', 0, None, None]","[0, 1, '', 0, None, None]","[0, 1, '', 0, None, None]","[0, 1, '', 0, None, None]","[0, 1, '', 0, None, None]","[0, 1, '', 0, None, None]","[0, 1, '', 0, None, None]","[0, 1, '', 0, None, None]","[0, 1, '', 0, None, None]","[0, 1, '', 0, None, None]","[0, 1, '', 0, None, None]","[0, 1, '', 0, None, None]","[0, 1, '', 0, None, None]",2020-01-19 18:02:33
Severn Estuary (English counties),nan,nan,nan,nan,nan,nan,nan,nan,nan,nan,nan,nan,nan,nan,nan,nan,nan,nan,nan,nan,nan,nan,nan,nan,nan,nan,nan,nan,nan,nan,nan,nan,nan,nan,nan,"[0, 1, '', 0, None, None]","[0, 1, '', 0, None, None]","[0, 1, '', 0, None, None]","[1, 1, 'Oct', 0, None, None]","[0, 1, '', 0, None, None]","[0, 1, '', 0, None, None]","[0, 1, '', 0, None, None]","[0, 1, '', 0, None, None]","[0, 1, '', 0, None, None]","[0, 1, '', 0, None, None]","[0, 1, '', 0, None, None]","[0, 1, '', 0, None, None]","[0, 1, '', 0, None, None]","[0, 1, '', 0, None, None]","[0, 1, '', 0, None, None]","[0, 1, '', 0, None, None]","[0, 1, '', 0, None, None]","[0, 1, '', 0, None, None]","[0, 1, '', 0, None, None]","[0, 1, '', 0, None, None]","[0, 1, '', 0, None, None]","[0, 1, '', 0, None, None]","[0, 1, '', 0, None, None]","[0, 1, '', 0, None, None]","[0, 1, '', 0, None, None]","[0, 1, '', 0, None, None]","[0, 1, '', 0, None, None]","[0, 1, '', 0, None, None]","[0, 1, '', 0, None, None]","[0, 1, '', 0, None, None]","[0, 1, '', 0, None, None]","[0, 1, '', 0, None, None]","[0, 1, '', 0, None, None]","[0, 1, '', 0, None, None]","[0, 1, '', 0, None, None]","[0, 1, '', 0, None, None]","[0, 1, '', 0, None, None]","[0, 1, '', 0, None, None]","[0, 1, '', 0, None, None]","[0, 1, '', 0, None, None]","[0, 1, '', 0, None, None]","[0, 1, '', 0, None, None]","[0, 1, '', 0, None, None]","[0, 1, '', 0, None, None]","[0, 1, '', 0, None, None]","[0, 1, '', 0, None, None]","[0, 1, '', 0, None, None]","[0, 1, '', 0, None, None]",2020-01-19 18:02:33
Severn Estuary (Welsh counties),nan,nan,nan,nan,nan,nan,nan,nan,nan,nan,nan,nan,nan,nan,nan,nan,nan,nan,nan,nan,nan,nan,nan,nan,nan,nan,nan,nan,nan,nan,nan,nan,nan,nan,nan,"[0, 1, '', 0, None, None]","[0, 1, '', 0, None, None]","[0, 1, '', 0, None, None]","[0, 1, '', 0, None, None]","[0, 1, '', 0, None, None]","[0, 1, '', 0, None, None]","[0, 1, '', 0, None, None]","[0, 1, '', 0, None, None]","[0, 2, '', 0, None, None]","[0, 2, '', 0, None, None]","[0, 1, '', 0, None, None]","[0, 1, '', 0, None, None]","[0, 1, '', 0, None, None]","[0, 1, '', 0, None, None]","[0, 1, '', 0, None, None]","[0, 2, '', 0, None, None]","[0, 2, '', 0, None, None]","[0, 2, '', 0, None, None]","[0, 1, '', 0, None, None]","[0, 1, '', 0, None, None]","[0, 2, '', 0, None, None]","[0, 1, '', 0, None, None]","[0, 1, '', 0, None, None]","[0, 1, '', 0, None, None]","[0, 1, '', 0, None, None]","[0, 1, '', 0, None, None]","[0, 2, '', 0, None, None]","[0, 1, '', 0, None, None]","[0, 1, '', 0, None, None]","[0, 1, '', 0, None, None]","[0, 2, '', 0, None, None]","[0, 1, '', 0, None, None]","[0, 1, '', 0, None, None]","[0, 1, '', 0, None, None]","[0, 1, '', 0, None, None]","[0, 1, '', 0, None, None]","[0, 1, '', 0, None, None]","[0, 1, '', 0, None, None]","[0, 1, '', 0, None, None]","[0, 1, '', 0, None, None]","[0, 1, '', 0, None, None]","[0, 1, '', 0, None, None]","[0, 1, '', 0, None, None]","[0, 1, '', 0, None, None]","[0, 1, '', 0, None, None]","[0, 1, '', 0, None, None]","[0, 1, '', 0, None, None]","[0, 1, '', 0, None, None]",2020-01-19 18:02:33
Strangford Lough,nan,nan,nan,nan,nan,nan,nan,nan,nan,nan,nan,nan,nan,nan,nan,nan,nan,nan,nan,nan,nan,nan,nan,nan,nan,nan,nan,nan,nan,nan,nan,nan,nan,nan,nan,"[0, 1, '', 0, None, None]","[0, 1, '', 0, None, None]","[0, 1, '', 0, None, None]","[0, 1, '', 0, None, None]","[0, 1, '', 0, None, None]","[0, 1, '', 0, None, None]","[0, 1, '', 0, None, None]","[0, 1, '', 0, None, None]","[0, 1, '', 0, None, None]","[0, 1, '', 0, None, None]","[0, 1, '', 0, None, None]","[0, 1, '', 0, None, None]","[0, 1, '', 0, None, None]","[0, 1, '', 0, None, None]","[0, 1, '', 0, None, None]","[0, 1, '', 0, None, None]","[0, 1, '', 0, None, None]","[0, 1, '', 0, None, None]","[0, 1, '', 0, None, None]","[0, 1, '', 0, None, None]","[0, 1, '', 0, None, None]","[0, 1, '', 0, None, None]","[0, 1, '', 0, None, None]","[0, 1, '', 0, None, None]","[0, 1, '', 0, None, None]","[0, 1, '', 0, None, None]","[0, 1, '', 0, None, None]","[0, 1, '', 0, None, None]","[0, 1, '', 0, None, None]","[0, 1, '', 0, None, None]","[0, 1, '', 0, None, None]","[0, 1, '', 0, None, None]","[0, 1, '', 0, None, None]","[0, 1, '', 0, None, None]","[0, 1, '', 0, None, None]","[0, 1, '', 0, None, None]","[0, 1, '', 0, None, None]","[0, 1, '', 0, None, None]","[0, 1, '', 0, None, None]","[0, 1, '', 0, None, None]","[0, 1, '', 0, None, None]","[0, 1, '', 0, None, None]","[0, 1, '', 0, None, None]","[0, 1, '', 0, None, None]","[0, 1, '', 0, None, None]","[0, 1, '', 0, None, None]","[0, 1, '', 0, None, None]","[0, 1, '', 0, None, None]",2020-01-19 18:02:33
Tees Estuary,nan,nan,nan,nan,nan,nan,nan,nan,nan,nan,nan,nan,nan,nan,nan,nan,nan,nan,nan,nan,nan,nan,nan,nan,nan,nan,nan,nan,nan,nan,nan,nan,nan,nan,nan,"[0, 1, '', 0, None, None]","[0, 1, '', 0, None, None]","[0, 1, '', 0, None, None]","[0, 1, '', 0, None, None]","[0, 1, '', 0, None, None]","[0, 1, '', 0, None, None]","[0, 1, '', 0, None, None]","[0, 1, '', 0, None, None]","[0, 1, '', 0, None, None]","[0, 1, '', 0, None, None]","[0, 1, '', 0, None, None]","[0, 1, '', 0, None, None]","[0, 1, '', 0, None, None]","[0, 1, '', 0, None, None]","[0, 1, '', 0, None, None]","[0, 1, '', 0, None, None]","[0, 1, '', 0, None, None]","[1, 1, 'Sep', 0, None, None]","[0, 1, '', 0, None, None]","[0, 1, '', 0, None, None]","[0, 1, '', 0, None, None]","[0, 1, '', 0, None, None]","[0, 1, '', 0, None, None]","[0, 1, '', 0, None, None]","[0, 1, '', 0, None, None]","[0, 1, '', 0, None, None]","[0, 1, '', 0, None, None]","[0, 1, '', 0, None, None]","[0, 1, '', 0, None, None]","[0, 1, '', 0, None, None]","[0, 1, '', 0, None, None]","[0, 1, '', 0, None, None]","[0, 1, '', 0, None, None]","[0, 1, '', 0, None, None]","[0, 1, '', 0, None, None]","[0, 1, '', 0, None, None]","[0, 1, '', 0, None, None]","[0, 1, '', 0, None, None]","[0, 1, '', 0, None, None]","[0, 1, '', 0, None, None]","[0, 1, '', 0, None, None]","[0, 1, '', 0, None, None]","[0, 1, '', 0, None, None]","[0, 1, '', 0, None, None]","[0, 1, '', 0, None, None]","[0, 1, '', 0, None, None]","[0, 1, '', 0, None, None]","[0, 1, '', 0, None, None]",2020-01-19 18:02:33
