Site,35/36,36/37,37/38,38/39,39/40,40/41,41/42,42/43,43/44,44/45,45/46,46/47,47/48,48/49,49/50,50/51,51/52,52/53,53/54,54/55,55/56,56/57,57/58,58/59,59/60,60/61,61/62,62/63,63/64,64/65,65/66,66/67,67/68,68/69,69/70,70/71,71/72,72/73,73/74,74/75,75/76,76/77,77/78,78/79,79/80,80/81,81/82,82/83,83/84,84/85,85/86,86/87,87/88,88/89,89/90,90/91,91/92,92/93,93/94,94/95,95/96,96/97,97/98,98/99,99/00,00/01,01/02,02/03,03/04,04/05,05/06,06/07,07/08,08/09,09/10,10/11,11/12,12/13,13/14,14/15,15/16,16/17,17/18,RoughTimeAccessed
North Norfolk Coast,nan,nan,nan,nan,nan,nan,nan,nan,nan,nan,nan,nan,nan,nan,nan,nan,nan,nan,nan,nan,nan,nan,nan,nan,nan,nan,nan,nan,nan,nan,nan,nan,nan,nan,nan,nan,nan,nan,nan,nan,nan,nan,nan,nan,nan,nan,nan,"[0, 2, '', 0, None, None]","[0, 1, '', 0, None, None]","[0, 1, '', 0, None, None]","[0, 1, '', 0, None, None]","[0, 1, '', 0, None, None]","[0, 1, '', 0, None, None]","[0, 1, '', 0, None, None]","[0, 2, '', 0, None, None]","[0, 1, '', 0, None, None]","[0, 2, '', 0, None, None]","[0, 1, '', 0, None, None]","[0, 2, '', 0, None, None]","[0, 1, '', 0, None, None]","[0, 1, '', 0, None, None]","[0, 1, '', 0, None, None]","[1, 1, 'May', 0, None, None]","[0, 1, '', 0, None, None]","[0, 1, '', 0, None, None]","[0, 1, '', 0, None, None]","[0, 1, '', 0, None, None]","[0, 1, '', 0, None, None]","[0, 1, '', 0, None, None]","[0, 1, '', 0, None, None]","[1, 1, 'Sep', 0, None, None]","[2, 1, 'May', 0, None, None]","[0, 1, '', 0, None, None]","[0, 1, '', 0, None, None]","[0, 1, '', 0, None, None]","[0, 1, '', 0, None, None]","[0, 1, '', 0, None, None]","[1, 1, 'May', 0, None, None]","[1, 1, 'May', 0, None, None]","[0, 1, '', 0, None, None]","[4, 1, 'May', 0, None, None]","[2, 1, 'May', 0, None, None]","[0, 1, '', 0, None, None]",2020-01-19 18:07:14
Pegwell Bay,nan,nan,nan,nan,nan,nan,nan,nan,nan,nan,nan,nan,nan,nan,nan,nan,nan,nan,nan,nan,nan,nan,nan,nan,nan,nan,nan,nan,nan,nan,nan,nan,nan,nan,nan,"[0, 1, '', 0, None, None]","[0, 1, '', 0, None, None]","[0, 1, '', 0, None, None]","[0, 1, '', 0, None, None]","[0, 1, '', 0, None, None]","[0, 1, '', 0, None, None]","[0, 1, '', 0, None, None]",nan,"[0, 1, '', 0, None, None]",nan,nan,nan,"[0, 1, '', 0, None, None]","[0, 1, '', 0, None, None]","[0, 1, '', 0, None, None]","[0, 1, '', 0, None, None]","[0, 1, '', 0, None, None]","[0, 1, '', 0, None, None]","[0, 1, '', 0, None, None]","[0, 1, '', 0, None, None]","[0, 1, '', 0, None, None]","[0, 1, '', 0, None, None]","[0, 1, '', 0, None, None]","[0, 1, '', 0, None, None]","[0, 1, '', 0, None, None]","[0, 1, '', 0, None, None]","[0, 1, '', 0, None, None]","[0, 1, '', 0, None, None]","[0, 1, '', 0, None, None]","[0, 1, '', 0, None, None]","[0, 1, '', 0, None, None]","[0, 1, '', 0, None, None]","[0, 1, '', 0, None, None]","[0, 2, '', 0, None, None]","[0, 2, '', 0, None, None]","[0, 1, '', 0, None, None]","[0, 1, '', 0, None, None]","[1, 1, 'May', 0, None, None]","[1, 1, 'May', 1, 'Supplementary visit under the  WeBS Core Count Survey', 'WeBS']","[0, 1, '', 0, None, None]","[1, 1, 'May', 0, None, None]","[1, 1, 'Sep', 0, None, None]","[0, 1, '', 0, None, None]","[2, 1, 'Aug', 1, 'Supplementary visit under the  WeBS Core Count Survey', 'WeBS']","[0, 2, '', 0, None, None]","[0, 1, '', 0, None, None]","[0, 1, '', 0, None, None]","[0, 1, '', 0, None, None]",2020-01-19 18:07:14
Severn Estuary,nan,nan,nan,nan,nan,nan,nan,nan,nan,nan,nan,nan,nan,nan,nan,nan,nan,nan,nan,nan,nan,nan,nan,nan,nan,nan,nan,nan,nan,nan,nan,nan,nan,nan,nan,"[0, 1, '', 0, None, None]","[0, 1, '', 0, None, None]","[0, 1, '', 0, None, None]","[0, 1, '', 0, None, None]","[0, 1, '', 0, None, None]","[0, 1, '', 0, None, None]","[0, 1, '', 0, None, None]","[0, 1, '', 0, None, None]","[0, 1, '', 0, None, None]","[0, 1, '', 0, None, None]","[0, 1, '', 0, None, None]","[0, 1, '', 0, None, None]","[0, 2, '', 0, None, None]","[0, 1, '', 0, None, None]","[0, 2, '', 0, None, None]","[0, 1, '', 0, None, None]","[0, 1, '', 0, None, None]","[0, 2, '', 0, None, None]","[0, 1, '', 0, None, None]","[0, 1, '', 0, None, None]","[0, 2, '', 0, None, None]","[0, 1, '', 0, None, None]","[0, 2, '', 0, None, None]","[0, 1, '', 0, None, None]","[0, 1, '', 0, None, None]","[0, 1, '', 0, None, None]","[0, 1, '', 0, None, None]","[0, 1, '', 0, None, None]","[0, 1, '', 0, None, None]","[0, 1, '', 0, None, None]","[0, 1, '', 0, None, None]","[0, 1, '', 0, None, None]","[0, 1, '', 0, None, None]","[0, 1, '', 0, None, None]","[0, 1, '', 0, None, None]","[0, 1, '', 0, None, None]","[0, 1, '', 0, None, None]","[1, 1, 'Feb', 1, 'Supplementary visit under the  WeBS Core Count Survey', 'WeBS']","[0, 1, '', 0, None, None]","[0, 1, '', 0, None, None]","[0, 1, '', 0, None, None]","[0, 1, '', 0, None, None]","[1, 1, 'Dec', 0, None, None]","[0, 1, '', 0, None, None]","[0, 1, '', 0, None, None]","[1, 1, 'May', 0, None, None]","[3, 1, 'May', 0, None, None]","[1, 1, 'Jul', 0, None, None]",2020-01-19 18:07:14
Severn Estuary (Welsh counties),nan,nan,nan,nan,nan,nan,nan,nan,nan,nan,nan,nan,nan,nan,nan,nan,nan,nan,nan,nan,nan,nan,nan,nan,nan,nan,nan,nan,nan,nan,nan,nan,nan,nan,nan,"[0, 1, '', 0, None, None]","[0, 1, '', 0, None, None]","[0, 1, '', 0, None, None]","[0, 1, '', 0, None, None]","[0, 1, '', 0, None, None]","[0, 1, '', 0, None, None]","[0, 1, '', 0, None, None]","[0, 2, '', 0, None, None]","[0, 2, '', 0, None, None]","[0, 1, '', 0, None, None]","[0, 1, '', 0, None, None]","[0, 1, '', 0, None, None]","[0, 1, '', 0, None, None]","[0, 1, '', 0, None, None]","[0, 1, '', 0, None, None]","[0, 2, '', 0, None, None]","[0, 2, '', 0, None, None]","[0, 2, '', 0, None, None]","[0, 2, '', 0, None, None]","[0, 2, '', 0, None, None]","[0, 2, '', 0, None, None]","[0, 2, '', 0, None, None]","[0, 2, '', 0, None, None]","[0, 2, '', 0, None, None]","[0, 1, '', 0, None, None]","[0, 1, '', 0, None, None]","[0, 1, '', 0, None, None]","[0, 1, '', 0, None, None]","[0, 1, '', 0, None, None]","[0, 1, '', 0, None, None]","[0, 1, '', 0, None, None]","[0, 1, '', 0, None, None]","[0, 1, '', 0, None, None]","[0, 1, '', 0, None, None]","[0, 1, '', 0, None, None]","[0, 1, '', 0, None, None]","[0, 1, '', 0, None, None]","[0, 1, '', 0, None, None]","[0, 1, '', 0, None, None]","[0, 1, '', 0, None, None]","[0, 1, '', 0, None, None]","[0, 1, '', 0, None, None]","[0, 1, '', 0, None, None]","[0, 1, '', 0, None, None]","[0, 1, '', 0, None, None]","[0, 1, '', 0, None, None]","[3, 1, 'May', 0, None, None]","[0, 1, '', 0, None, None]",2020-01-19 18:07:14
Beddington Sewage Farm,nan,nan,nan,nan,nan,nan,nan,nan,nan,nan,nan,nan,nan,nan,nan,nan,nan,nan,nan,nan,nan,nan,nan,nan,nan,nan,nan,nan,nan,nan,nan,nan,nan,nan,nan,nan,nan,nan,nan,nan,nan,nan,nan,nan,nan,nan,nan,nan,nan,nan,nan,nan,nan,nan,nan,nan,nan,nan,nan,nan,"[0, 1, '', 0, None, None]","[0, 1, '', 0, None, None]","[0, 1, '', 0, None, None]","[0, 1, '', 0, None, None]","[0, 1, '', 0, None, None]","[0, 1, '', 0, None, None]","[0, 1, '', 0, None, None]","[0, 1, '', 0, None, None]","[1, 1, 'May', 0, None, None]","[0, 1, '', 0, None, None]","[0, 1, '', 0, None, None]","[0, 1, '', 0, None, None]","[0, 1, '', 0, None, None]","[0, 1, '', 0, None, None]","[0, 1, '', 0, None, None]","[0, 1, '', 0, None, None]","[0, 1, '', 0, None, None]","[0, 1, '', 0, None, None]","[0, 1, '', 0, None, None]","[0, 1, '', 0, None, None]","[0, 1, '', 0, None, None]","[0, 1, '', 0, None, None]","[0, 1, '', 0, None, None]",2020-01-19 18:07:14
Blackwater Estuary,nan,nan,nan,nan,nan,nan,nan,nan,nan,nan,nan,nan,nan,nan,nan,nan,nan,nan,nan,nan,nan,nan,nan,nan,nan,nan,nan,nan,nan,nan,nan,nan,nan,nan,nan,"[0, 2, '', 0, None, None]",nan,"[0, 1, '', 0, None, None]","[0, 1, '', 0, None, None]","[0, 1, '', 0, None, None]","[0, 2, '', 0, None, None]","[0, 2, '', 0, None, None]","[0, 1, '', 0, None, None]","[0, 2, '', 0, None, None]","[0, 2, '', 0, None, None]","[0, 1, '', 0, None, None]","[0, 2, '', 0, None, None]","[0, 2, '', 0, None, None]","[0, 1, '', 0, None, None]","[0, 1, '', 0, None, None]","[0, 2, '', 0, None, None]","[0, 2, '', 0, None, None]","[0, 2, '', 0, None, None]","[0, 2, '', 0, None, None]","[0, 2, '', 0, None, None]","[0, 2, '', 0, None, None]","[0, 2, '', 0, None, None]","[0, 1, '', 0, None, None]","[0, 2, '', 0, None, None]","[2, 1, 'May', 0, None, None]","[0, 1, '', 0, None, None]","[0, 2, '', 0, None, None]","[0, 2, '', 0, None, None]","[0, 1, '', 0, None, None]","[0, 1, '', 0, None, None]","[0, 1, '', 0, None, None]","[0, 1, '', 0, None, None]","[0, 1, '', 0, None, None]","[0, 1, '', 0, None, None]","[0, 1, '', 0, None, None]","[0, 1, '', 0, None, None]","[0, 1, '', 0, None, None]","[0, 1, '', 0, None, None]","[0, 1, '', 0, None, None]","[0, 1, '', 0, None, None]","[0, 1, '', 0, None, None]","[0, 1, '', 0, None, None]","[0, 1, '', 0, None, None]","[0, 1, '', 0, None, None]","[0, 1, '', 0, None, None]","[0, 1, '', 0, None, None]","[0, 1, '', 0, None, None]","[0, 1, '', 0, None, None]",2020-01-19 18:07:14
Blagdon Lake,nan,nan,nan,nan,nan,nan,nan,nan,nan,nan,nan,nan,nan,nan,nan,nan,nan,nan,nan,nan,nan,nan,nan,nan,nan,nan,nan,nan,nan,nan,nan,nan,nan,nan,nan,nan,nan,nan,nan,nan,nan,nan,nan,nan,nan,nan,nan,nan,nan,nan,nan,nan,nan,nan,nan,nan,"[0, 1, '', 0, None, None]","[0, 1, '', 0, None, None]","[0, 1, '', 0, None, None]","[0, 1, '', 0, None, None]","[0, 1, '', 0, None, None]","[0, 1, '', 0, None, None]","[0, 1, '', 0, None, None]","[0, 1, '', 0, None, None]","[0, 1, '', 0, None, None]","[0, 1, '', 0, None, None]","[1, 1, 'Oct', 0, None, None]","[0, 1, '', 0, None, None]","[0, 1, '', 0, None, None]","[0, 1, '', 0, None, None]","[0, 1, '', 0, None, None]","[0, 1, '', 0, None, None]","[0, 1, '', 0, None, None]","[0, 2, '', 0, None, None]","[0, 1, '', 0, None, None]","[0, 1, '', 0, None, None]","[0, 1, '', 0, None, None]","[0, 1, '', 0, None, None]","[0, 1, '', 0, None, None]","[0, 1, '', 0, None, None]","[0, 1, '', 0, None, None]","[0, 1, '', 0, None, None]","[0, 1, '', 0, None, None]",2020-01-19 18:07:14
Blyth Estuary,nan,nan,nan,nan,nan,nan,nan,nan,nan,nan,nan,nan,nan,nan,nan,nan,nan,nan,nan,nan,nan,nan,nan,nan,nan,nan,nan,nan,nan,nan,nan,nan,nan,nan,nan,"[0, 1, '', 0, None, None]","[0, 1, '', 0, None, None]","[0, 1, '', 0, None, None]","[0, 1, '', 0, None, None]","[0, 1, '', 0, None, None]","[0, 1, '', 0, None, None]","[0, 1, '', 0, None, None]","[0, 1, '', 0, None, None]","[0, 1, '', 0, None, None]","[0, 1, '', 0, None, None]","[0, 1, '', 0, None, None]","[0, 1, '', 0, None, None]","[0, 1, '', 0, None, None]","[0, 1, '', 0, None, None]","[0, 1, '', 0, None, None]","[0, 1, '', 0, None, None]","[0, 1, '', 0, None, None]","[1, 1, 'Sep', 0, None, None]","[0, 1, '', 0, None, None]","[0, 1, '', 0, None, None]","[0, 1, '', 0, None, None]","[0, 1, '', 0, None, None]","[0, 1, '', 0, None, None]","[0, 1, '', 0, None, None]","[1, 1, 'May', 0, None, None]","[0, 1, '', 0, None, None]","[0, 1, '', 0, None, None]","[0, 1, '', 0, None, None]",nan,nan,"[0, 1, '', 0, None, None]","[0, 2, '', 0, None, None]","[0, 1, '', 0, None, None]","[0, 1, '', 0, None, None]","[0, 1, '', 0, None, None]","[0, 1, '', 0, None, None]","[0, 1, '', 0, None, None]","[0, 1, '', 0, None, None]","[0, 1, '', 0, None, None]","[0, 1, '', 0, None, None]","[0, 1, '', 0, None, None]","[0, 1, '', 0, None, None]","[0, 1, '', 0, None, None]","[0, 1, '', 0, None, None]","[0, 1, '', 0, None, None]","[0, 1, '', 0, None, None]","[0, 1, '', 0, None, None]","[0, 1, '', 0, None, None]",2020-01-19 18:07:14
Bolton-on-Swale Gravel Pits,nan,nan,nan,nan,nan,nan,nan,nan,nan,nan,nan,nan,nan,nan,nan,nan,nan,nan,nan,nan,nan,nan,nan,nan,nan,nan,nan,nan,nan,nan,nan,nan,nan,nan,nan,nan,nan,nan,nan,nan,nan,nan,nan,nan,nan,nan,nan,nan,nan,nan,nan,nan,nan,nan,nan,nan,"[0, 1, '', 0, None, None]","[0, 1, '', 0, None, None]","[1, 1, 'May', 0, None, None]","[0, 1, '', 0, None, None]","[0, 1, '', 0, None, None]","[0, 1, '', 0, None, None]","[0, 1, '', 0, None, None]","[0, 1, '', 0, None, None]","[0, 1, '', 0, None, None]","[0, 1, '', 0, None, None]","[0, 1, '', 0, None, None]","[0, 1, '', 0, None, None]","[0, 1, '', 0, None, None]","[0, 1, '', 0, None, None]","[0, 1, '', 0, None, None]","[0, 1, '', 0, None, None]","[0, 1, '', 0, None, None]","[0, 1, '', 0, None, None]","[0, 1, '', 0, None, None]","[0, 1, '', 0, None, None]","[0, 1, '', 0, None, None]","[0, 1, '', 0, None, None]","[0, 1, '', 0, None, None]","[0, 1, '', 0, None, None]","[0, 1, '', 0, None, None]","[0, 1, '', 0, None, None]","[0, 1, '', 0, None, None]",2020-01-19 18:07:14
Brandon Marsh Nature Reserve,nan,nan,nan,nan,nan,nan,nan,nan,nan,nan,nan,nan,nan,nan,nan,nan,nan,nan,nan,nan,nan,nan,nan,nan,nan,nan,nan,nan,nan,nan,nan,nan,nan,nan,nan,nan,nan,nan,nan,nan,nan,nan,nan,nan,nan,nan,nan,nan,nan,nan,nan,nan,nan,nan,nan,nan,nan,nan,"[1, 1, 'May', 0, None, None]","[0, 1, '', 0, None, None]","[0, 1, '', 0, None, None]","[0, 1, '', 0, None, None]","[0, 1, '', 0, None, None]","[0, 1, '', 0, None, None]","[0, 1, '', 0, None, None]","[0, 1, '', 0, None, None]","[0, 2, '', 0, None, None]","[0, 1, '', 0, None, None]","[0, 1, '', 0, None, None]","[0, 1, '', 0, None, None]","[0, 1, '', 0, None, None]","[0, 1, '', 0, None, None]","[0, 1, '', 0, None, None]","[0, 1, '', 0, None, None]",nan,nan,nan,nan,nan,nan,nan,nan,"[0, 1, '', 0, None, None]",2020-01-19 18:07:14
Breydon Water and Berney Marshes,nan,nan,nan,nan,nan,nan,nan,nan,nan,nan,nan,nan,nan,nan,nan,nan,nan,nan,nan,nan,nan,nan,nan,nan,nan,nan,nan,nan,nan,nan,nan,nan,nan,nan,nan,"[0, 2, '', 0, None, None]","[0, 2, '', 0, None, None]","[0, 1, '', 0, None, None]","[0, 1, '', 0, None, None]","[0, 1, '', 0, None, None]",nan,nan,nan,nan,"[0, 1, '', 0, None, None]",nan,"[0, 1, '', 0, None, None]","[0, 1, '', 0, None, None]","[0, 1, '', 0, None, None]","[0, 1, '', 0, None, None]","[0, 1, '', 0, None, None]","[0, 1, '', 0, None, None]","[0, 1, '', 0, None, None]","[1, 1, 'May', 0, None, None]","[0, 1, '', 0, None, None]","[0, 1, '', 0, None, None]","[0, 1, '', 0, None, None]","[0, 1, '', 0, None, None]","[2, 1, 'May', 0, None, None]","[0, 1, '', 0, None, None]","[0, 1, '', 0, None, None]","[0, 1, '', 0, None, None]","[0, 1, '', 0, None, None]","[0, 1, '', 0, None, None]","[0, 1, '', 0, None, None]","[0, 1, '', 0, None, None]","[0, 1, '', 0, None, None]","[0, 1, '', 0, None, None]","[0, 1, '', 0, None, None]","[0, 1, '', 0, None, None]","[0, 1, '', 0, None, None]","[0, 1, '', 0, None, None]","[0, 1, '', 0, None, None]","[0, 1, '', 0, None, None]","[0, 1, '', 0, None, None]","[0, 1, '', 0, None, None]","[0, 1, '', 0, None, None]","[0, 1, '', 0, None, None]","[0, 1, '', 0, None, None]","[0, 1, '', 0, None, None]","[0, 1, '', 0, None, None]","[0, 1, '', 0, None, None]","[0, 1, '', 0, None, None]",2020-01-19 18:07:14
Camel Estuary,nan,nan,nan,nan,nan,nan,nan,nan,nan,nan,nan,nan,nan,nan,nan,nan,nan,nan,nan,nan,nan,nan,nan,nan,nan,nan,nan,nan,nan,nan,nan,nan,nan,nan,nan,"[0, 1, '', 0, None, None]","[0, 2, '', 0, None, None]","[0, 2, '', 0, None, None]","[0, 2, '', 0, None, None]","[0, 2, '', 0, None, None]","[0, 2, '', 0, None, None]","[0, 2, '', 0, None, None]","[0, 2, '', 0, None, None]",nan,"[0, 1, '', 0, None, None]","[0, 1, '', 0, None, None]",nan,"[0, 1, '', 0, None, None]",nan,"[0, 1, '', 0, None, None]","[0, 2, '', 0, None, None]","[0, 1, '', 0, None, None]","[0, 1, '', 0, None, None]","[0, 1, '', 0, None, None]","[0, 2, '', 0, None, None]","[0, 1, '', 0, None, None]","[0, 1, '', 0, None, None]","[0, 1, '', 0, None, None]","[0, 2, '', 0, None, None]","[0, 1, '', 0, None, None]","[0, 1, '', 0, None, None]","[0, 1, '', 0, None, None]","[0, 1, '', 0, None, None]","[0, 1, '', 0, None, None]","[0, 1, '', 0, None, None]","[0, 1, '', 0, None, None]","[0, 1, '', 0, None, None]","[0, 1, '', 0, None, None]","[0, 1, '', 0, None, None]","[1, 1, 'May', 0, None, None]","[0, 1, '', 0, None, None]","[0, 1, '', 0, None, None]","[0, 1, '', 0, None, None]","[2, 1, 'Sep', 0, None, None]","[0, 1, '', 0, None, None]","[0, 1, '', 0, None, None]","[0, 1, '', 0, None, None]","[0, 1, '', 0, None, None]","[0, 1, '', 0, None, None]","[0, 1, '', 0, None, None]","[0, 1, '', 0, None, None]","[0, 1, '', 0, None, None]","[0, 1, '', 0, None, None]",2020-01-19 18:07:14
Chichester Harbour,nan,nan,nan,nan,nan,nan,nan,nan,nan,nan,nan,nan,nan,nan,nan,nan,nan,nan,nan,nan,nan,nan,nan,nan,nan,nan,nan,nan,nan,nan,nan,nan,nan,nan,nan,nan,"[0, 2, '', 0, None, None]","[0, 2, '', 0, None, None]","[0, 1, '', 0, None, None]","[0, 2, '', 0, None, None]","[0, 1, '', 0, None, None]","[0, 1, '', 0, None, None]","[0, 1, '', 0, None, None]","[0, 1, '', 0, None, None]","[0, 1, '', 0, None, None]","[0, 1, '', 0, None, None]","[0, 2, '', 0, None, None]","[0, 1, '', 0, None, None]","[0, 2, '', 0, None, None]","[0, 2, '', 0, None, None]","[0, 1, '', 0, None, None]","[0, 1, '', 0, None, None]",nan,"[0, 2, '', 0, None, None]","[0, 2, '', 0, None, None]","[0, 1, '', 0, None, None]","[0, 1, '', 0, None, None]","[0, 1, '', 0, None, None]","[0, 2, '', 0, None, None]","[0, 2, '', 0, None, None]","[0, 1, '', 0, None, None]","[0, 1, '', 0, None, None]","[0, 2, '', 0, None, None]","[0, 1, '', 0, None, None]","[0, 1, '', 0, None, None]","[1, 1, 'Sep', 1, 'Supplementary visit under the  WeBS Core Count Survey', 'WeBS']","[0, 1, '', 0, None, None]","[0, 1, '', 0, None, None]","[0, 1, '', 0, None, None]","[0, 1, '', 0, None, None]","[0, 1, '', 0, None, None]","[0, 1, '', 0, None, None]","[0, 1, '', 0, None, None]","[0, 1, '', 0, None, None]","[0, 1, '', 0, None, None]","[0, 1, '', 0, None, None]","[0, 1, '', 0, None, None]","[0, 1, '', 0, None, None]","[0, 1, '', 0, None, None]","[0, 1, '', 0, None, None]","[0, 1, '', 0, None, None]","[0, 1, '', 0, None, None]","[0, 1, '', 0, None, None]",2020-01-19 18:07:14
Christchurch Harbour,nan,nan,nan,nan,nan,nan,nan,nan,nan,nan,nan,nan,nan,nan,nan,nan,nan,nan,nan,nan,nan,nan,nan,nan,nan,nan,nan,nan,nan,nan,nan,nan,nan,nan,nan,"[0, 1, '', 0, None, None]","[0, 1, '', 0, None, None]","[0, 1, '', 0, None, None]","[0, 1, '', 0, None, None]","[0, 1, '', 0, None, None]",nan,nan,nan,nan,nan,nan,nan,"[0, 1, '', 0, None, None]","[0, 1, '', 0, None, None]","[0, 1, '', 0, None, None]","[0, 1, '', 0, None, None]","[1, 1, 'May', 0, None, None]","[0, 1, '', 0, None, None]","[0, 1, '', 0, None, None]","[0, 1, '', 0, None, None]","[0, 1, '', 0, None, None]","[0, 1, '', 0, None, None]","[0, 1, '', 0, None, None]","[0, 1, '', 0, None, None]","[0, 1, '', 0, None, None]",nan,nan,nan,nan,"[0, 1, '', 0, None, None]","[0, 1, '', 0, None, None]","[0, 1, '', 0, None, None]","[0, 1, '', 0, None, None]","[0, 1, '', 0, None, None]","[0, 1, '', 0, None, None]","[0, 1, '', 0, None, None]","[0, 1, '', 0, None, None]","[0, 1, '', 0, None, None]","[0, 2, '', 0, None, None]","[0, 1, '', 0, None, None]","[0, 1, '', 0, None, None]","[0, 1, '', 0, None, None]","[0, 1, '', 0, None, None]","[0, 1, '', 0, None, None]","[0, 1, '', 0, None, None]","[0, 1, '', 0, None, None]","[0, 1, '', 0, None, None]","[0, 1, '', 0, None, None]",2020-01-19 18:07:14
Clifton Pits,nan,nan,nan,nan,nan,nan,nan,nan,nan,nan,nan,nan,nan,nan,nan,nan,nan,nan,nan,nan,nan,nan,nan,nan,nan,nan,nan,nan,nan,nan,nan,nan,nan,nan,nan,nan,nan,nan,nan,nan,nan,nan,nan,nan,nan,nan,nan,nan,nan,nan,nan,nan,nan,nan,nan,nan,nan,nan,nan,nan,nan,nan,nan,nan,nan,nan,nan,nan,nan,nan,nan,nan,nan,nan,"[0, 1, '', 0, None, None]","[0, 1, '', 0, None, None]","[0, 1, '', 0, None, None]","[0, 1, '', 0, None, None]","[0, 1, '', 0, None, None]","[1, 1, 'Sep', 0, None, None]","[0, 1, '', 0, None, None]",nan,"[0, 1, '', 0, None, None]",2020-01-19 18:07:14
Colne Estuary,nan,nan,nan,nan,nan,nan,nan,nan,nan,nan,nan,nan,nan,nan,nan,nan,nan,nan,nan,nan,nan,nan,nan,nan,nan,nan,nan,nan,nan,nan,nan,nan,nan,nan,nan,"[0, 2, '', 0, None, None]","[0, 2, '', 0, None, None]","[0, 1, '', 0, None, None]","[0, 1, '', 0, None, None]","[0, 1, '', 0, None, None]","[0, 1, '', 0, None, None]","[0, 2, '', 0, None, None]","[0, 1, '', 0, None, None]","[0, 2, '', 0, None, None]","[0, 2, '', 0, None, None]","[0, 2, '', 0, None, None]","[0, 2, '', 0, None, None]","[0, 2, '', 0, None, None]","[0, 2, '', 0, None, None]","[0, 1, '', 0, None, None]","[0, 2, '', 0, None, None]","[0, 1, '', 0, None, None]","[0, 1, '', 0, None, None]","[0, 1, '', 0, None, None]","[0, 1, '', 0, None, None]","[0, 1, '', 0, None, None]","[0, 1, '', 0, None, None]","[0, 1, '', 0, None, None]","[0, 2, '', 0, None, None]","[0, 1, '', 0, None, None]","[0, 2, '', 0, None, None]","[0, 1, '', 0, None, None]","[0, 1, '', 0, None, None]","[0, 1, '', 0, None, None]","[0, 1, '', 0, None, None]","[0, 1, '', 0, None, None]","[0, 2, '', 0, None, None]","[0, 1, '', 0, None, None]","[0, 1, '', 0, None, None]","[0, 1, '', 0, None, None]","[0, 1, '', 0, None, None]","[0, 1, '', 0, None, None]","[0, 2, '', 0, None, None]","[0, 1, '', 0, None, None]","[0, 1, '', 0, None, None]","[0, 1, '', 0, None, None]","[1, 1, 'Oct', 0, None, None]","[0, 2, '', 0, None, None]","[0, 1, '', 0, None, None]","[0, 2, '', 0, None, None]","[0, 1, '', 0, None, None]","[0, 1, '', 0, None, None]","[0, 1, '', 0, None, None]",2020-01-19 18:07:14
Colne Fen Gravel Pits,nan,nan,nan,nan,nan,nan,nan,nan,nan,nan,nan,nan,nan,nan,nan,nan,nan,nan,nan,nan,nan,nan,nan,nan,nan,nan,nan,nan,nan,nan,nan,nan,nan,nan,nan,nan,nan,nan,nan,nan,nan,nan,nan,nan,nan,nan,nan,nan,nan,nan,nan,nan,nan,nan,nan,nan,nan,nan,nan,"[0, 1, '', 0, None, None]",nan,"[0, 1, '', 0, None, None]","[0, 1, '', 0, None, None]","[1, 1, 'Sep', 1, 'Supplementary visit under the  WeBS Core Count Survey', 'WeBS']","[0, 1, '', 0, None, None]","[0, 1, '', 0, None, None]","[1, 1, 'Jul', 0, None, None]","[0, 1, '', 0, None, None]","[0, 1, '', 0, None, None]","[0, 1, '', 0, None, None]","[0, 1, '', 0, None, None]","[0, 1, '', 0, None, None]","[0, 1, '', 0, None, None]","[0, 1, '', 0, None, None]","[0, 1, '', 0, None, None]","[0, 1, '', 0, None, None]","[0, 1, '', 0, None, None]","[0, 1, '', 0, None, None]","[0, 1, '', 0, None, None]",nan,"[0, 1, '', 0, None, None]","[0, 1, '', 0, None, None]","[0, 1, '', 0, None, None]",2020-01-19 18:07:14
Cotswold Water Park,nan,nan,nan,nan,nan,nan,nan,nan,nan,nan,nan,nan,nan,nan,nan,nan,nan,nan,nan,nan,nan,nan,nan,nan,nan,nan,nan,nan,nan,nan,nan,nan,nan,nan,nan,nan,nan,nan,nan,nan,nan,nan,nan,nan,nan,nan,nan,nan,nan,nan,nan,nan,nan,nan,nan,nan,"[0, 1, '', 0, None, None]","[0, 1, '', 0, None, None]","[0, 1, '', 0, None, None]","[0, 1, '', 0, None, None]","[0, 1, '', 0, None, None]","[0, 1, '', 0, None, None]","[0, 1, '', 0, None, None]","[0, 1, '', 0, None, None]","[0, 1, '', 0, None, None]","[0, 1, '', 0, None, None]","[0, 1, '', 0, None, None]","[0, 1, '', 0, None, None]","[0, 1, '', 0, None, None]","[0, 1, '', 0, None, None]","[0, 1, '', 0, None, None]","[0, 1, '', 0, None, None]","[0, 1, '', 0, None, None]","[0, 1, '', 0, None, None]","[0, 1, '', 0, None, None]","[0, 1, '', 0, None, None]","[1, 1, 'Oct', 1, 'Supplementary visit under the  WeBS Core Count Survey', 'WeBS']","[0, 1, '', 0, None, None]","[0, 1, '', 0, None, None]","[0, 1, '', 0, None, None]","[0, 1, '', 0, None, None]","[0, 1, '', 0, None, None]","[0, 1, '', 0, None, None]",2020-01-19 18:07:14
Cotswold Water Park (West),nan,nan,nan,nan,nan,nan,nan,nan,nan,nan,nan,nan,nan,nan,nan,nan,nan,nan,nan,nan,nan,nan,nan,nan,nan,nan,nan,nan,nan,nan,nan,nan,nan,nan,nan,nan,nan,nan,nan,nan,nan,nan,nan,nan,nan,nan,nan,nan,nan,nan,nan,nan,nan,nan,nan,nan,"[0, 1, '', 0, None, None]","[0, 1, '', 0, None, None]","[0, 1, '', 0, None, None]","[0, 1, '', 0, None, None]","[0, 1, '', 0, None, None]","[0, 1, '', 0, None, None]","[0, 1, '', 0, None, None]","[0, 1, '', 0, None, None]","[0, 2, '', 0, None, None]","[0, 1, '', 0, None, None]","[0, 1, '', 0, None, None]","[0, 2, '', 0, None, None]","[0, 2, '', 0, None, None]","[0, 2, '', 0, None, None]","[0, 2, '', 0, None, None]","[0, 2, '', 0, None, None]","[0, 2, '', 0, None, None]","[0, 2, '', 0, None, None]","[0, 2, '', 0, None, None]","[0, 2, '', 0, None, None]","[1, 1, 'Oct', 1, 'Supplementary visit under the  WeBS Core Count Survey', 'WeBS']","[0, 2, '', 0, None, None]","[0, 2, '', 0, None, None]","[0, 1, '', 0, None, None]",nan,nan,nan,2020-01-19 18:07:14
Dearne Valley,nan,nan,nan,nan,nan,nan,nan,nan,nan,nan,nan,nan,nan,nan,nan,nan,nan,nan,nan,nan,nan,nan,nan,nan,nan,nan,nan,nan,nan,nan,nan,nan,nan,nan,nan,nan,nan,nan,nan,nan,nan,nan,nan,nan,nan,nan,nan,nan,nan,nan,nan,nan,nan,nan,nan,nan,nan,nan,nan,nan,nan,nan,nan,nan,nan,nan,nan,nan,nan,nan,nan,nan,nan,nan,nan,nan,"[0, 1, '', 0, None, None]","[0, 1, '', 0, None, None]","[0, 1, '', 0, None, None]","[0, 1, '', 0, None, None]","[0, 1, '', 0, None, None]","[0, 1, '', 0, None, None]","[0, 1, '', 0, None, None]",2020-01-19 18:07:14
Dee Estuary (England and Wales),nan,nan,nan,nan,nan,nan,nan,nan,nan,nan,nan,nan,nan,nan,nan,nan,nan,nan,nan,nan,nan,nan,nan,nan,nan,nan,nan,nan,nan,nan,nan,nan,nan,nan,nan,"[0, 1, '', 0, None, None]","[0, 2, '', 0, None, None]","[0, 1, '', 0, None, None]","[0, 1, '', 0, None, None]","[0, 1, '', 0, None, None]","[0, 1, '', 0, None, None]","[0, 1, '', 0, None, None]","[0, 2, '', 0, None, None]","[0, 2, '', 0, None, None]","[0, 1, '', 0, None, None]","[0, 1, '', 0, None, None]","[0, 1, '', 0, None, None]","[0, 1, '', 0, None, None]","[0, 1, '', 0, None, None]","[0, 1, '', 0, None, None]","[0, 1, '', 0, None, None]","[0, 1, '', 0, None, None]","[0, 1, '', 0, None, None]","[0, 1, '', 0, None, None]","[0, 1, '', 0, None, None]","[0, 1, '', 0, None, None]","[0, 1, '', 0, None, None]","[0, 1, '', 0, None, None]","[1, 1, 'May', 0, None, None]","[0, 1, '', 0, None, None]","[0, 1, '', 0, None, None]","[0, 1, '', 0, None, None]","[0, 1, '', 0, None, None]","[0, 1, '', 0, None, None]","[0, 1, '', 0, None, None]","[0, 1, '', 0, None, None]","[0, 1, '', 0, None, None]","[0, 1, '', 0, None, None]","[0, 1, '', 0, None, None]","[0, 1, '', 0, None, None]","[0, 1, '', 0, None, None]","[0, 1, '', 0, None, None]","[0, 1, '', 0, None, None]","[0, 1, '', 0, None, None]","[0, 1, '', 0, None, None]","[0, 1, '', 0, None, None]","[0, 1, '', 0, None, None]","[0, 1, '', 0, None, None]","[0, 1, '', 0, None, None]","[0, 1, '', 0, None, None]","[0, 1, '', 0, None, None]","[0, 1, '', 0, None, None]","[0, 1, '', 0, None, None]",2020-01-19 18:07:14
Dee Estuary (English counties),nan,nan,nan,nan,nan,nan,nan,nan,nan,nan,nan,nan,nan,nan,nan,nan,nan,nan,nan,nan,nan,nan,nan,nan,nan,nan,nan,nan,nan,nan,nan,nan,nan,nan,nan,"[0, 1, '', 0, None, None]","[0, 2, '', 0, None, None]","[0, 1, '', 0, None, None]","[0, 1, '', 0, None, None]","[0, 1, '', 0, None, None]","[0, 1, '', 0, None, None]","[0, 1, '', 0, None, None]","[0, 2, '', 0, None, None]","[0, 2, '', 0, None, None]","[0, 1, '', 0, None, None]","[0, 1, '', 0, None, None]","[0, 1, '', 0, None, None]","[0, 1, '', 0, None, None]","[0, 1, '', 0, None, None]","[0, 1, '', 0, None, None]","[0, 1, '', 0, None, None]","[0, 1, '', 0, None, None]","[0, 1, '', 0, None, None]","[0, 1, '', 0, None, None]","[0, 1, '', 0, None, None]","[0, 1, '', 0, None, None]","[0, 1, '', 0, None, None]","[0, 1, '', 0, None, None]","[1, 1, 'May', 0, None, None]","[0, 1, '', 0, None, None]","[0, 1, '', 0, None, None]","[0, 1, '', 0, None, None]","[0, 1, '', 0, None, None]","[0, 1, '', 0, None, None]","[0, 1, '', 0, None, None]","[0, 1, '', 0, None, None]","[0, 1, '', 0, None, None]","[0, 1, '', 0, None, None]","[0, 1, '', 0, None, None]","[0, 1, '', 0, None, None]","[0, 1, '', 0, None, None]","[0, 1, '', 0, None, None]","[0, 1, '', 0, None, None]","[0, 1, '', 0, None, None]","[0, 1, '', 0, None, None]","[0, 1, '', 0, None, None]","[0, 1, '', 0, None, None]","[0, 1, '', 0, None, None]","[0, 1, '', 0, None, None]","[0, 1, '', 0, None, None]","[0, 1, '', 0, None, None]","[0, 1, '', 0, None, None]","[0, 1, '', 0, None, None]",2020-01-19 18:07:14
Dee Estuary (Welsh counties),nan,nan,nan,nan,nan,nan,nan,nan,nan,nan,nan,nan,nan,nan,nan,nan,nan,nan,nan,nan,nan,nan,nan,nan,nan,nan,nan,nan,nan,nan,nan,nan,nan,nan,nan,nan,nan,nan,nan,nan,nan,nan,nan,nan,nan,nan,nan,nan,nan,nan,nan,nan,nan,nan,nan,nan,nan,nan,"[0, 2, '', 0, None, None]","[0, 1, '', 0, None, None]","[0, 1, '', 0, None, None]","[0, 1, '', 0, None, None]","[0, 1, '', 0, None, None]","[0, 1, '', 0, None, None]","[0, 1, '', 0, None, None]","[0, 1, '', 0, None, None]","[0, 1, '', 0, None, None]","[0, 1, '', 0, None, None]","[0, 1, '', 0, None, None]","[0, 1, '', 0, None, None]","[0, 1, '', 0, None, None]","[0, 1, '', 0, None, None]","[0, 1, '', 0, None, None]","[0, 1, '', 0, None, None]","[0, 1, '', 0, None, None]","[0, 1, '', 0, None, None]","[0, 1, '', 0, None, None]","[0, 1, '', 0, None, None]","[0, 1, '', 0, None, None]","[0, 1, '', 0, None, None]","[0, 1, '', 0, None, None]","[0, 1, '', 0, None, None]","[0, 1, '', 0, None, None]",2020-01-19 18:07:14
Dungeness and Rye Bay,nan,nan,nan,nan,nan,nan,nan,nan,nan,nan,nan,nan,nan,nan,nan,nan,nan,nan,nan,nan,nan,nan,nan,nan,nan,nan,nan,nan,nan,nan,nan,nan,nan,nan,nan,nan,nan,nan,nan,"[0, 1, '', 0, None, None]",nan,"[0, 1, '', 0, None, None]",nan,nan,"[0, 1, '', 0, None, None]",nan,nan,"[0, 1, '', 0, None, None]","[0, 1, '', 0, None, None]","[0, 1, '', 0, None, None]","[0, 1, '', 0, None, None]","[0, 1, '', 0, None, None]","[0, 1, '', 0, None, None]","[0, 1, '', 0, None, None]","[0, 1, '', 0, None, None]","[0, 1, '', 0, None, None]","[0, 1, '', 0, None, None]","[0, 1, '', 0, None, None]","[0, 1, '', 0, None, None]","[0, 1, '', 0, None, None]","[2, 1, 'Sep', 0, None, None]","[0, 1, '', 0, None, None]","[0, 1, '', 0, None, None]","[0, 1, '', 0, None, None]","[0, 1, '', 0, None, None]","[0, 1, '', 0, None, None]","[0, 1, '', 0, None, None]","[0, 1, '', 0, None, None]","[0, 1, '', 0, None, None]","[1, 1, 'May', 0, None, None]","[0, 1, '', 0, None, None]","[0, 1, '', 0, None, None]","[0, 1, '', 0, None, None]","[0, 1, '', 0, None, None]","[0, 1, '', 0, None, None]","[0, 1, '', 0, None, None]","[0, 1, '', 0, None, None]","[0, 1, '', 0, None, None]","[0, 1, '', 0, None, None]","[0, 1, '', 0, None, None]","[0, 1, '', 0, None, None]","[0, 1, '', 0, None, None]","[0, 1, '', 0, None, None]",2020-01-19 18:07:14
Dyfi Estuary,nan,nan,nan,nan,nan,nan,nan,nan,nan,nan,nan,nan,nan,nan,nan,nan,nan,nan,nan,nan,nan,nan,nan,nan,nan,nan,nan,nan,nan,nan,nan,nan,nan,nan,nan,"[0, 1, '', 0, None, None]","[0, 1, '', 0, None, None]","[0, 1, '', 0, None, None]","[0, 1, '', 0, None, None]","[0, 1, '', 0, None, None]","[0, 1, '', 0, None, None]","[0, 1, '', 0, None, None]","[0, 1, '', 0, None, None]",nan,nan,nan,nan,nan,nan,"[0, 1, '', 0, None, None]","[0, 1, '', 0, None, None]","[0, 1, '', 0, None, None]","[0, 1, '', 0, None, None]","[0, 1, '', 0, None, None]","[0, 1, '', 0, None, None]","[0, 1, '', 0, None, None]","[0, 1, '', 0, None, None]","[0, 1, '', 0, None, None]","[0, 2, '', 0, None, None]","[0, 1, '', 0, None, None]","[0, 1, '', 0, None, None]","[0, 1, '', 0, None, None]","[0, 1, '', 0, None, None]","[0, 1, '', 0, None, None]","[0, 1, '', 0, None, None]","[0, 1, '', 0, None, None]","[0, 1, '', 0, None, None]","[0, 1, '', 0, None, None]","[1, 1, 'May', 0, None, None]","[0, 1, '', 0, None, None]","[0, 1, '', 0, None, None]","[0, 1, '', 0, None, None]","[0, 1, '', 0, None, None]","[0, 1, '', 0, None, None]","[0, 1, '', 0, None, None]","[0, 1, '', 0, None, None]","[0, 1, '', 0, None, None]","[0, 1, '', 0, None, None]","[0, 1, '', 0, None, None]","[0, 1, '', 0, None, None]","[0, 1, '', 0, None, None]","[0, 1, '', 0, None, None]","[0, 1, '', 0, None, None]",2020-01-19 18:07:14
East Chevington Pools,nan,nan,nan,nan,nan,nan,nan,nan,nan,nan,nan,nan,nan,nan,nan,nan,nan,nan,nan,nan,nan,nan,nan,nan,nan,nan,nan,nan,nan,nan,nan,nan,nan,nan,nan,nan,nan,nan,nan,nan,nan,nan,nan,nan,nan,nan,nan,nan,nan,nan,nan,nan,nan,nan,nan,nan,nan,nan,nan,nan,nan,nan,nan,nan,nan,"[0, 1, '', 0, None, None]","[0, 1, '', 0, None, None]","[0, 1, '', 0, None, None]","[2, 1, 'May', 0, None, None]","[0, 1, '', 0, None, None]","[0, 1, '', 0, None, None]","[0, 1, '', 0, None, None]","[0, 1, '', 0, None, None]","[0, 1, '', 0, None, None]","[0, 1, '', 0, None, None]","[0, 1, '', 0, None, None]","[0, 1, '', 0, None, None]","[0, 1, '', 0, None, None]","[0, 1, '', 0, None, None]","[0, 1, '', 0, None, None]","[0, 1, '', 0, None, None]","[0, 1, '', 0, None, None]","[0, 1, '', 0, None, None]",2020-01-19 18:07:14
Fairburn Ings,nan,nan,nan,nan,nan,nan,nan,nan,nan,nan,nan,nan,nan,nan,nan,nan,nan,nan,nan,nan,nan,nan,nan,nan,nan,nan,nan,nan,nan,nan,nan,nan,nan,nan,nan,nan,nan,nan,nan,nan,nan,nan,nan,nan,nan,nan,nan,nan,nan,nan,nan,nan,nan,nan,nan,nan,"[0, 1, '', 0, None, None]","[0, 1, '', 0, None, None]","[0, 1, '', 0, None, None]","[0, 1, '', 0, None, None]","[0, 1, '', 0, None, None]","[0, 1, '', 0, None, None]","[0, 1, '', 0, None, None]","[0, 1, '', 0, None, None]","[0, 1, '', 0, None, None]","[0, 1, '', 0, None, None]","[0, 1, '', 0, None, None]","[0, 1, '', 0, None, None]","[0, 1, '', 0, None, None]",nan,"[0, 1, '', 0, None, None]","[0, 1, '', 0, None, None]","[0, 1, '', 0, None, None]","[0, 1, '', 0, None, None]","[0, 1, '', 0, None, None]","[0, 1, '', 0, None, None]","[0, 1, '', 0, None, None]","[0, 2, '', 0, None, None]","[1, 1, 'Aug', 0, None, None]","[0, 1, '', 0, None, None]","[0, 1, '', 0, None, None]","[0, 1, '', 0, None, None]","[0, 1, '', 0, None, None]",2020-01-19 18:07:14
Fen Drayton Lakes,nan,nan,nan,nan,nan,nan,nan,nan,nan,nan,nan,nan,nan,nan,nan,nan,nan,nan,nan,nan,nan,nan,nan,nan,nan,nan,nan,nan,nan,nan,nan,nan,nan,nan,nan,nan,nan,nan,nan,nan,nan,nan,nan,nan,nan,nan,nan,nan,nan,nan,nan,nan,"[0, 1, '', 0, None, None]","[2, 1, 'May', 1, 'Supplementary visit under the  WeBS Core Count Survey', 'WeBS']","[1, 1, 'May', 0, None, None]","[0, 1, '', 0, None, None]","[0, 1, '', 0, None, None]","[0, 1, '', 0, None, None]","[1, 1, 'Sep', 1, 'Supplementary visit under the  WeBS Core Count Survey', 'WeBS']","[0, 1, '', 0, None, None]","[0, 1, '', 0, None, None]","[0, 1, '', 0, None, None]","[0, 1, '', 0, None, None]","[0, 1, '', 0, None, None]","[0, 1, '', 0, None, None]","[0, 1, '', 0, None, None]","[0, 1, '', 0, None, None]","[0, 1, '', 0, None, None]","[0, 1, '', 0, None, None]","[0, 1, '', 0, None, None]","[0, 1, '', 0, None, None]","[0, 1, '', 0, None, None]","[0, 1, '', 0, None, None]","[0, 1, '', 0, None, None]","[0, 1, '', 0, None, None]","[0, 1, '', 0, None, None]","[0, 1, '', 0, None, None]","[0, 1, '', 0, None, None]","[0, 2, '', 0, None, None]","[0, 1, '', 0, None, None]","[0, 1, '', 0, None, None]","[0, 1, '', 0, None, None]","[0, 1, '', 0, None, None]",2020-01-19 18:07:14
Hamford Water,nan,nan,nan,nan,nan,nan,nan,nan,nan,nan,nan,nan,nan,nan,nan,nan,nan,nan,nan,nan,nan,nan,nan,nan,nan,nan,nan,nan,nan,nan,nan,nan,nan,nan,nan,nan,nan,"[0, 2, '', 0, None, None]","[0, 1, '', 0, None, None]","[0, 2, '', 0, None, None]","[0, 2, '', 0, None, None]","[0, 1, '', 0, None, None]","[0, 1, '', 0, None, None]","[0, 1, '', 0, None, None]","[0, 1, '', 0, None, None]","[0, 2, '', 0, None, None]","[0, 1, '', 0, None, None]","[0, 1, '', 0, None, None]","[0, 1, '', 0, None, None]","[0, 1, '', 0, None, None]","[0, 1, '', 0, None, None]","[0, 1, '', 0, None, None]","[0, 1, '', 0, None, None]","[0, 1, '', 0, None, None]","[0, 1, '', 0, None, None]","[0, 1, '', 0, None, None]","[0, 1, '', 0, None, None]","[0, 1, '', 0, None, None]","[0, 1, '', 0, None, None]","[0, 1, '', 0, None, None]","[0, 1, '', 0, None, None]","[0, 1, '', 0, None, None]","[0, 1, '', 0, None, None]","[1, 1, 'Sep', 0, None, None]","[0, 1, '', 0, None, None]","[0, 1, '', 0, None, None]","[0, 1, '', 0, None, None]","[0, 1, '', 0, None, None]","[0, 1, '', 0, None, None]","[0, 1, '', 0, None, None]","[0, 1, '', 0, None, None]","[0, 1, '', 0, None, None]","[0, 1, '', 0, None, None]","[0, 1, '', 0, None, None]","[0, 1, '', 0, None, None]","[0, 1, '', 0, None, None]","[0, 1, '', 0, None, None]","[0, 1, '', 0, None, None]","[0, 1, '', 0, None, None]","[0, 1, '', 0, None, None]","[0, 1, '', 0, None, None]","[0, 1, '', 0, None, None]","[0, 1, '', 0, None, None]",2020-01-19 18:07:14
Hayle Estuary,nan,nan,nan,nan,nan,nan,nan,nan,nan,nan,nan,nan,nan,nan,nan,nan,nan,nan,nan,nan,nan,nan,nan,nan,nan,nan,nan,nan,nan,nan,nan,nan,nan,nan,nan,"[0, 1, '', 0, None, None]","[0, 1, '', 0, None, None]","[0, 1, '', 0, None, None]","[0, 1, '', 0, None, None]","[0, 1, '', 0, None, None]","[0, 1, '', 0, None, None]",nan,nan,"[0, 1, '', 0, None, None]","[0, 1, '', 0, None, None]","[0, 1, '', 0, None, None]","[0, 1, '', 0, None, None]","[0, 1, '', 0, None, None]","[0, 1, '', 0, None, None]","[0, 1, '', 0, None, None]","[0, 1, '', 0, None, None]","[0, 1, '', 0, None, None]","[0, 1, '', 0, None, None]","[0, 1, '', 0, None, None]","[0, 1, '', 0, None, None]","[0, 1, '', 0, None, None]","[0, 1, '', 0, None, None]","[0, 1, '', 0, None, None]","[0, 1, '', 0, None, None]","[0, 1, '', 0, None, None]","[0, 1, '', 0, None, None]","[0, 1, '', 0, None, None]","[0, 1, '', 0, None, None]","[0, 1, '', 0, None, None]","[0, 1, '', 0, None, None]","[0, 1, '', 0, None, None]","[0, 1, '', 0, None, None]","[0, 1, '', 0, None, None]","[0, 1, '', 0, None, None]","[0, 1, '', 0, None, None]","[0, 1, '', 0, None, None]","[0, 1, '', 0, None, None]","[0, 1, '', 0, None, None]","[0, 1, '', 0, None, None]","[0, 1, '', 0, None, None]","[0, 1, '', 0, None, None]","[0, 2, '', 0, None, None]","[0, 1, '', 0, None, None]","[0, 1, '', 0, None, None]","[0, 1, '', 0, None, None]","[0, 1, '', 0, None, None]","[0, 1, '', 0, None, None]","[0, 1, '', 0, None, None]",2020-01-19 18:07:14
Howick to Beadnell,nan,nan,nan,nan,nan,nan,nan,nan,nan,nan,nan,nan,nan,nan,nan,nan,nan,nan,nan,nan,nan,nan,nan,nan,nan,nan,nan,nan,nan,nan,nan,nan,nan,nan,nan,nan,"[0, 1, '', 0, None, None]","[0, 1, '', 0, None, None]","[1, 1, 'Sep', 0, None, None]","[0, 1, '', 0, None, None]","[0, 1, '', 0, None, None]","[0, 1, '', 0, None, None]","[0, 1, '', 0, None, None]",nan,"[0, 1, '', 0, None, None]","[0, 1, '', 0, None, None]","[0, 1, '', 0, None, None]","[0, 1, '', 0, None, None]",nan,"[0, 1, '', 0, None, None]","[0, 1, '', 0, None, None]","[0, 1, '', 0, None, None]","[0, 1, '', 0, None, None]","[0, 1, '', 0, None, None]","[0, 1, '', 0, None, None]","[0, 1, '', 0, None, None]","[0, 1, '', 0, None, None]","[0, 1, '', 0, None, None]","[0, 1, '', 0, None, None]","[0, 1, '', 0, None, None]","[0, 1, '', 0, None, None]","[0, 1, '', 0, None, None]","[0, 1, '', 0, None, None]","[0, 1, '', 0, None, None]","[0, 1, '', 0, None, None]","[0, 1, '', 0, None, None]","[0, 2, '', 0, None, None]","[0, 1, '', 0, None, None]","[0, 2, '', 0, None, None]","[0, 1, '', 0, None, None]","[0, 1, '', 0, None, None]","[0, 1, '', 0, None, None]","[0, 1, '', 0, None, None]","[0, 1, '', 0, None, None]","[0, 1, '', 0, None, None]","[0, 1, '', 0, None, None]","[0, 1, '', 0, None, None]","[0, 2, '', 0, None, None]","[0, 1, '', 0, None, None]","[0, 2, '', 0, None, None]","[0, 1, '', 0, None, None]","[0, 2, '', 0, None, None]","[0, 1, '', 0, None, None]",2020-01-19 18:07:14
Humber Estuary,nan,nan,nan,nan,nan,nan,nan,nan,nan,nan,nan,nan,nan,nan,nan,nan,nan,nan,nan,nan,nan,nan,nan,nan,nan,nan,nan,nan,nan,nan,nan,nan,nan,nan,nan,"[0, 1, '', 0, None, None]","[0, 1, '', 0, None, None]","[0, 1, '', 0, None, None]","[0, 1, '', 0, None, None]","[0, 1, '', 0, None, None]","[0, 1, '', 0, None, None]","[0, 1, '', 0, None, None]","[0, 1, '', 0, None, None]","[0, 1, '', 0, None, None]","[0, 1, '', 0, None, None]","[0, 2, '', 0, None, None]","[0, 1, '', 0, None, None]","[0, 2, '', 0, None, None]","[1, 1, 'Oct', 0, None, None]","[0, 1, '', 0, None, None]","[1, 1, 'Sep', 0, None, None]","[1, 1, 'May', 0, None, None]","[0, 1, '', 0, None, None]","[0, 1, '', 0, None, None]","[0, 1, '', 0, None, None]","[0, 2, '', 0, None, None]","[0, 1, '', 0, None, None]","[0, 2, '', 0, None, None]","[1, 1, 'May', 0, None, None]","[0, 1, '', 0, None, None]","[0, 1, '', 0, None, None]","[0, 1, '', 0, None, None]","[0, 1, '', 0, None, None]","[0, 1, '', 0, None, None]","[1, 1, 'May', 0, None, None]","[0, 1, '', 0, None, None]","[0, 1, '', 0, None, None]","[0, 1, '', 0, None, None]","[0, 1, '', 0, None, None]","[0, 1, '', 0, None, None]","[0, 1, '', 0, None, None]","[0, 1, '', 0, None, None]","[0, 1, '', 0, None, None]","[0, 1, '', 0, None, None]","[0, 1, '', 0, None, None]","[0, 1, '', 0, None, None]","[0, 1, '', 0, None, None]","[0, 1, '', 0, None, None]","[0, 1, '', 0, None, None]","[0, 1, '', 0, None, None]","[0, 1, '', 0, None, None]","[2, 1, 'May', 0, None, None]","[0, 1, '', 0, None, None]",2020-01-19 18:07:14
Joe's Ponds and Rainton Meadows,nan,nan,nan,nan,nan,nan,nan,nan,nan,nan,nan,nan,nan,nan,nan,nan,nan,nan,nan,nan,nan,nan,nan,nan,nan,nan,nan,nan,nan,nan,nan,nan,nan,nan,nan,nan,nan,nan,nan,nan,nan,nan,nan,nan,nan,nan,nan,nan,nan,nan,nan,nan,nan,nan,nan,nan,nan,nan,"[0, 1, '', 0, None, None]","[0, 1, '', 0, None, None]","[0, 1, '', 0, None, None]",nan,"[0, 1, '', 0, None, None]","[0, 1, '', 0, None, None]",nan,nan,nan,nan,"[0, 1, '', 0, None, None]","[0, 1, '', 0, None, None]","[0, 1, '', 0, None, None]",nan,"[0, 1, '', 0, None, None]","[0, 1, '', 0, None, None]","[0, 1, '', 0, None, None]","[3, 1, 'May', 0, None, None]","[0, 1, '', 0, None, None]","[0, 1, '', 0, None, None]","[0, 1, '', 0, None, None]","[0, 1, '', 0, None, None]","[0, 1, '', 0, None, None]","[0, 1, '', 0, None, None]","[0, 1, '', 0, None, None]",2020-01-19 18:07:14
Kenfig Pool,nan,nan,nan,nan,nan,nan,nan,nan,nan,nan,nan,nan,nan,nan,nan,nan,nan,nan,nan,nan,nan,nan,nan,nan,nan,nan,nan,nan,nan,nan,nan,nan,nan,nan,nan,nan,nan,nan,nan,nan,nan,nan,nan,nan,nan,nan,nan,nan,nan,nan,nan,nan,nan,nan,nan,nan,"[0, 1, '', 0, None, None]","[0, 1, '', 0, None, None]","[0, 1, '', 0, None, None]",nan,nan,"[0, 1, '', 0, None, None]","[0, 1, '', 0, None, None]","[0, 1, '', 0, None, None]","[0, 1, '', 0, None, None]","[0, 1, '', 0, None, None]","[0, 1, '', 0, None, None]","[0, 1, '', 0, None, None]","[0, 1, '', 0, None, None]","[0, 1, '', 0, None, None]","[0, 1, '', 0, None, None]","[0, 1, '', 0, None, None]","[0, 1, '', 0, None, None]","[0, 1, '', 0, None, None]","[0, 1, '', 0, None, None]","[0, 1, '', 0, None, None]","[0, 1, '', 0, None, None]","[0, 1, '', 0, None, None]","[0, 1, '', 0, None, None]","[0, 1, '', 0, None, None]","[1, 1, 'Jun', 0, None, None]","[0, 1, '', 0, None, None]","[0, 1, '', 0, None, None]",2020-01-19 18:07:14
Kirkby-on-Bain Gravel Pits,nan,nan,nan,nan,nan,nan,nan,nan,nan,nan,nan,nan,nan,nan,nan,nan,nan,nan,nan,nan,nan,nan,nan,nan,nan,nan,nan,nan,nan,nan,nan,nan,nan,nan,nan,nan,nan,nan,nan,nan,nan,nan,nan,nan,nan,nan,nan,nan,nan,nan,nan,nan,nan,nan,nan,nan,nan,"[0, 1, '', 0, None, None]","[0, 1, '', 0, None, None]",nan,nan,"[0, 1, '', 0, None, None]","[0, 1, '', 0, None, None]","[0, 1, '', 0, None, None]","[0, 1, '', 0, None, None]","[0, 1, '', 0, None, None]","[0, 1, '', 0, None, None]","[0, 1, '', 0, None, None]","[0, 1, '', 0, None, None]","[0, 1, '', 0, None, None]","[0, 1, '', 0, None, None]","[0, 1, '', 0, None, None]","[0, 1, '', 0, None, None]","[0, 1, '', 0, None, None]","[0, 1, '', 0, None, None]","[0, 1, '', 0, None, None]","[0, 1, '', 0, None, None]","[0, 1, '', 0, None, None]","[0, 1, '', 0, None, None]","[2, 1, 'May', 0, None, None]","[0, 1, '', 0, None, None]","[0, 1, '', 0, None, None]","[0, 1, '', 0, None, None]",2020-01-19 18:07:14
Langstone Harbour,nan,nan,nan,nan,nan,nan,nan,nan,nan,nan,nan,nan,nan,nan,nan,nan,nan,nan,nan,nan,nan,nan,nan,nan,nan,nan,nan,nan,nan,nan,nan,nan,nan,nan,nan,"[0, 1, '', 0, None, None]","[0, 1, '', 0, None, None]","[0, 1, '', 0, None, None]","[0, 1, '', 0, None, None]","[0, 1, '', 0, None, None]","[0, 1, '', 0, None, None]","[0, 1, '', 0, None, None]","[0, 1, '', 0, None, None]","[0, 1, '', 0, None, None]","[0, 1, '', 0, None, None]","[2, 1, 'Aug', 0, None, None]","[0, 1, '', 0, None, None]","[0, 1, '', 0, None, None]","[0, 1, '', 0, None, None]","[0, 1, '', 0, None, None]","[0, 1, '', 0, None, None]","[0, 1, '', 0, None, None]","[0, 1, '', 0, None, None]","[0, 1, '', 0, None, None]","[0, 2, '', 0, None, None]","[0, 1, '', 0, None, None]","[0, 1, '', 0, None, None]","[0, 1, '', 0, None, None]","[0, 1, '', 0, None, None]","[0, 1, '', 0, None, None]","[0, 1, '', 0, None, None]","[0, 1, '', 0, None, None]","[0, 1, '', 0, None, None]","[0, 1, '', 0, None, None]","[0, 1, '', 0, None, None]","[0, 1, '', 0, None, None]","[0, 1, '', 0, None, None]","[0, 1, '', 0, None, None]","[0, 1, '', 0, None, None]","[0, 1, '', 0, None, None]","[0, 1, '', 0, None, None]","[0, 1, '', 0, None, None]","[0, 1, '', 0, None, None]","[0, 1, '', 0, None, None]","[0, 1, '', 0, None, None]","[0, 1, '', 0, None, None]","[0, 1, '', 0, None, None]","[0, 1, '', 0, None, None]","[0, 1, '', 0, None, None]","[0, 1, '', 0, None, None]","[0, 1, '', 0, None, None]","[0, 1, '', 0, None, None]","[0, 1, '', 0, None, None]",2020-01-19 18:07:14
Letham Flood,nan,nan,nan,nan,nan,nan,nan,nan,nan,nan,nan,nan,nan,nan,nan,nan,nan,nan,nan,nan,nan,nan,nan,nan,nan,nan,nan,nan,nan,nan,nan,nan,nan,nan,nan,nan,nan,nan,nan,nan,nan,nan,nan,nan,nan,nan,nan,nan,nan,nan,nan,nan,nan,nan,nan,nan,nan,nan,nan,nan,nan,nan,nan,nan,nan,nan,nan,nan,nan,nan,nan,nan,nan,nan,nan,nan,nan,"[1, 1, 'Jun', 1, 'Supplementary visit under the  WeBS Core Count Survey', 'WeBS']","[2, 1, 'May', 1, 'Supplementary visit under the  WeBS Core Count Survey', 'WeBS']","[0, 1, '', 0, None, None]","[0, 1, '', 0, None, None]","[0, 1, '', 0, None, None]","[0, 1, '', 0, None, None]",2020-01-19 18:07:14
Lindisfarne,nan,nan,nan,nan,nan,nan,nan,nan,nan,nan,nan,nan,nan,nan,nan,nan,nan,nan,nan,nan,nan,nan,nan,nan,nan,nan,nan,nan,nan,nan,nan,nan,nan,nan,nan,"[0, 1, '', 0, None, None]","[0, 1, '', 0, None, None]","[0, 1, '', 0, None, None]","[0, 1, '', 0, None, None]","[0, 1, '', 0, None, None]","[0, 1, '', 0, None, None]","[0, 1, '', 0, None, None]","[0, 1, '', 0, None, None]","[0, 1, '', 0, None, None]","[0, 1, '', 0, None, None]","[0, 2, '', 0, None, None]","[0, 1, '', 0, None, None]","[0, 1, '', 0, None, None]","[0, 1, '', 0, None, None]","[0, 1, '', 0, None, None]","[0, 1, '', 0, None, None]","[0, 1, '', 0, None, None]","[0, 1, '', 0, None, None]","[0, 1, '', 0, None, None]","[0, 1, '', 0, None, None]","[0, 1, '', 0, None, None]","[0, 2, '', 0, None, None]","[0, 1, '', 0, None, None]","[0, 2, '', 0, None, None]","[0, 1, '', 0, None, None]","[0, 1, '', 0, None, None]","[0, 1, '', 0, None, None]","[0, 2, '', 0, None, None]","[0, 1, '', 0, None, None]","[0, 1, '', 0, None, None]","[0, 1, '', 0, None, None]","[0, 1, '', 0, None, None]","[0, 1, '', 0, None, None]","[0, 1, '', 0, None, None]","[1, 1, 'Jun', 0, None, None]","[0, 1, '', 0, None, None]","[0, 1, '', 0, None, None]","[0, 1, '', 0, None, None]","[0, 1, '', 0, None, None]","[0, 1, '', 0, None, None]","[0, 1, '', 0, None, None]","[0, 1, '', 0, None, None]","[0, 2, '', 0, None, None]","[0, 2, '', 0, None, None]","[0, 2, '', 0, None, None]","[0, 2, '', 0, None, None]","[0, 2, '', 0, None, None]","[0, 2, '', 0, None, None]",2020-01-19 18:07:14
Lunt Meadows,nan,nan,nan,nan,nan,nan,nan,nan,nan,nan,nan,nan,nan,nan,nan,nan,nan,nan,nan,nan,nan,nan,nan,nan,nan,nan,nan,nan,nan,nan,nan,nan,nan,nan,nan,nan,nan,nan,nan,nan,nan,nan,nan,nan,nan,nan,nan,nan,nan,nan,nan,nan,nan,nan,nan,nan,nan,nan,nan,nan,nan,nan,nan,nan,nan,nan,nan,nan,nan,nan,nan,nan,nan,nan,nan,nan,nan,"[0, 1, '', 0, None, None]","[2, 1, 'May', 0, None, None]","[0, 1, '', 0, None, None]","[0, 1, '', 0, None, None]","[0, 1, '', 0, None, None]","[0, 1, '', 0, None, None]",2020-01-19 18:07:14
Medway Estuary,nan,nan,nan,nan,nan,nan,nan,nan,nan,nan,nan,nan,nan,nan,nan,nan,nan,nan,nan,nan,nan,nan,nan,nan,nan,nan,nan,nan,nan,nan,nan,nan,nan,nan,nan,"[1, 1, 'Jun', 0, None, None]","[4, 1, 'Aug', 0, None, None]","[1, 1, 'Aug', 0, None, None]","[0, 1, '', 0, None, None]","[2, 1, 'Oct', 0, None, None]","[0, 1, '', 0, None, None]","[0, 1, '', 0, None, None]","[0, 1, '', 0, None, None]","[0, 1, '', 0, None, None]",nan,"[0, 1, '', 0, None, None]","[0, 2, '', 0, None, None]","[0, 2, '', 0, None, None]","[0, 1, '', 0, None, None]","[0, 1, '', 0, None, None]","[0, 2, '', 0, None, None]","[0, 2, '', 0, None, None]","[0, 2, '', 0, None, None]","[0, 2, '', 0, None, None]","[0, 1, '', 0, None, None]","[0, 1, '', 0, None, None]","[0, 1, '', 0, None, None]","[0, 2, '', 0, None, None]","[0, 2, '', 0, None, None]","[0, 1, '', 0, None, None]","[0, 1, '', 0, None, None]","[0, 1, '', 0, None, None]","[0, 2, '', 0, None, None]","[0, 2, '', 0, None, None]","[0, 1, '', 0, None, None]","[0, 2, '', 0, None, None]","[0, 2, '', 0, None, None]","[0, 1, '', 0, None, None]","[0, 1, '', 0, None, None]","[0, 1, '', 0, None, None]","[0, 1, '', 0, None, None]","[0, 1, '', 0, None, None]","[0, 1, '', 0, None, None]","[0, 1, '', 0, None, None]","[0, 1, '', 0, None, None]","[0, 1, '', 0, None, None]","[0, 1, '', 0, None, None]","[0, 2, '', 0, None, None]","[0, 1, '', 0, None, None]","[0, 1, '', 0, None, None]","[0, 1, '', 0, None, None]","[0, 1, '', 0, None, None]","[0, 1, '', 0, None, None]",2020-01-19 18:07:14
Mersey Estuary,nan,nan,nan,nan,nan,nan,nan,nan,nan,nan,nan,nan,nan,nan,nan,nan,nan,nan,nan,nan,nan,nan,nan,nan,nan,nan,nan,nan,nan,nan,nan,nan,nan,nan,nan,"[0, 1, '', 0, None, None]","[0, 2, '', 0, None, None]","[0, 1, '', 0, None, None]","[1, 1, 'Aug', 0, None, None]","[0, 1, '', 0, None, None]","[0, 1, '', 0, None, None]","[0, 1, '', 0, None, None]","[0, 1, '', 0, None, None]","[0, 1, '', 0, None, None]","[0, 1, '', 0, None, None]","[0, 1, '', 0, None, None]","[0, 1, '', 0, None, None]","[0, 1, '', 0, None, None]","[0, 1, '', 0, None, None]","[0, 1, '', 0, None, None]","[0, 1, '', 0, None, None]","[0, 1, '', 0, None, None]","[0, 1, '', 0, None, None]","[0, 1, '', 0, None, None]","[0, 1, '', 0, None, None]","[0, 1, '', 0, None, None]","[0, 1, '', 0, None, None]","[0, 2, '', 0, None, None]","[0, 1, '', 0, None, None]","[0, 1, '', 0, None, None]","[0, 1, '', 0, None, None]","[0, 1, '', 0, None, None]","[0, 1, '', 0, None, None]","[0, 1, '', 0, None, None]","[0, 1, '', 0, None, None]","[0, 1, '', 0, None, None]","[0, 1, '', 0, None, None]","[0, 1, '', 0, None, None]","[0, 1, '', 0, None, None]","[0, 1, '', 0, None, None]","[0, 1, '', 0, None, None]","[0, 1, '', 0, None, None]","[1, 1, 'May', 0, None, None]","[0, 1, '', 0, None, None]","[0, 1, '', 0, None, None]","[0, 1, '', 0, None, None]","[0, 1, '', 0, None, None]","[0, 1, '', 0, None, None]","[0, 1, '', 0, None, None]","[0, 1, '', 0, None, None]","[0, 1, '', 0, None, None]","[0, 1, '', 0, None, None]","[0, 1, '', 0, None, None]",2020-01-19 18:07:14
Morecambe Bay,nan,nan,nan,nan,nan,nan,nan,nan,nan,nan,nan,nan,nan,nan,nan,nan,nan,nan,nan,nan,nan,nan,nan,nan,nan,nan,nan,nan,nan,nan,nan,nan,nan,nan,nan,"[0, 1, '', 0, None, None]","[0, 1, '', 0, None, None]","[0, 1, '', 0, None, None]","[0, 1, '', 0, None, None]","[0, 1, '', 0, None, None]","[0, 1, '', 0, None, None]","[0, 1, '', 0, None, None]","[0, 1, '', 0, None, None]",nan,"[0, 1, '', 0, None, None]","[0, 1, '', 0, None, None]",nan,"[0, 1, '', 0, None, None]","[0, 1, '', 0, None, None]","[0, 1, '', 0, None, None]","[0, 1, '', 0, None, None]","[0, 1, '', 0, None, None]","[0, 2, '', 0, None, None]","[0, 1, '', 0, None, None]","[0, 1, '', 0, None, None]","[0, 1, '', 0, None, None]","[0, 1, '', 0, None, None]","[0, 1, '', 0, None, None]","[1, 1, 'Sep', 0, None, None]","[0, 1, '', 0, None, None]","[0, 1, '', 0, None, None]","[0, 1, '', 0, None, None]","[0, 1, '', 0, None, None]","[0, 1, '', 0, None, None]","[0, 1, '', 0, None, None]","[0, 1, '', 0, None, None]","[0, 1, '', 0, None, None]","[0, 1, '', 0, None, None]","[0, 1, '', 0, None, None]","[0, 1, '', 0, None, None]","[0, 1, '', 0, None, None]","[0, 1, '', 0, None, None]","[0, 1, '', 0, None, None]","[0, 1, '', 0, None, None]","[0, 1, '', 0, None, None]","[0, 1, '', 0, None, None]","[0, 1, '', 0, None, None]","[0, 1, '', 0, None, None]","[0, 1, '', 0, None, None]","[0, 1, '', 0, None, None]","[0, 1, '', 0, None, None]","[0, 1, '', 0, None, None]","[0, 1, '', 0, None, None]",2020-01-19 18:07:14
North West Solent,nan,nan,nan,nan,nan,nan,nan,nan,nan,nan,nan,nan,nan,nan,nan,nan,nan,nan,nan,nan,nan,nan,nan,nan,nan,nan,nan,nan,nan,nan,nan,nan,nan,nan,nan,"[0, 2, '', 0, None, None]","[0, 1, '', 0, None, None]","[0, 1, '', 0, None, None]","[0, 2, '', 0, None, None]","[0, 2, '', 0, None, None]","[1, 1, 'Aug', 0, None, None]","[0, 2, '', 0, None, None]","[0, 1, '', 0, None, None]","[0, 2, '', 0, None, None]","[0, 1, '', 0, None, None]","[0, 1, '', 0, None, None]","[0, 1, '', 0, None, None]","[0, 2, '', 0, None, None]","[0, 2, '', 0, None, None]","[0, 1, '', 0, None, None]","[0, 1, '', 0, None, None]","[0, 1, '', 0, None, None]","[0, 1, '', 0, None, None]","[0, 2, '', 0, None, None]","[0, 1, '', 0, None, None]","[0, 1, '', 0, None, None]","[0, 1, '', 0, None, None]","[0, 1, '', 0, None, None]","[0, 1, '', 0, None, None]","[0, 1, '', 0, None, None]","[0, 1, '', 0, None, None]","[0, 1, '', 0, None, None]","[0, 2, '', 0, None, None]","[0, 1, '', 0, None, None]","[0, 1, '', 0, None, None]","[0, 2, '', 0, None, None]","[0, 1, '', 0, None, None]","[0, 2, '', 0, None, None]","[0, 1, '', 0, None, None]","[0, 1, '', 0, None, None]","[0, 1, '', 0, None, None]","[0, 1, '', 0, None, None]","[0, 1, '', 0, None, None]","[0, 1, '', 0, None, None]","[0, 1, '', 0, None, None]","[0, 1, '', 0, None, None]","[0, 1, '', 0, None, None]","[0, 1, '', 0, None, None]","[0, 1, '', 0, None, None]","[0, 1, '', 0, None, None]","[0, 1, '', 0, None, None]","[0, 2, '', 0, None, None]","[0, 1, '', 0, None, None]",2020-01-19 18:07:14
Orwell Estuary,nan,nan,nan,nan,nan,nan,nan,nan,nan,nan,nan,nan,nan,nan,nan,nan,nan,nan,nan,nan,nan,nan,nan,nan,nan,nan,nan,nan,nan,nan,nan,nan,nan,nan,nan,nan,nan,"[0, 1, '', 0, None, None]","[1, 1, 'May', 0, None, None]","[0, 1, '', 0, None, None]","[0, 2, '', 0, None, None]","[0, 1, '', 0, None, None]","[0, 1, '', 0, None, None]","[0, 1, '', 0, None, None]","[0, 1, '', 0, None, None]","[0, 2, '', 0, None, None]","[0, 1, '', 0, None, None]","[0, 1, '', 0, None, None]","[0, 1, '', 0, None, None]","[0, 1, '', 0, None, None]","[0, 1, '', 0, None, None]","[0, 1, '', 0, None, None]","[0, 1, '', 0, None, None]","[0, 1, '', 0, None, None]","[0, 1, '', 0, None, None]","[0, 1, '', 0, None, None]","[0, 2, '', 0, None, None]","[0, 1, '', 0, None, None]","[0, 1, '', 0, None, None]","[0, 1, '', 0, None, None]","[0, 1, '', 0, None, None]","[0, 1, '', 0, None, None]","[0, 1, '', 0, None, None]","[0, 1, '', 0, None, None]","[0, 1, '', 0, None, None]","[0, 1, '', 0, None, None]","[0, 1, '', 0, None, None]","[0, 1, '', 0, None, None]","[1, 1, 'May', 0, None, None]","[0, 1, '', 0, None, None]","[0, 1, '', 0, None, None]","[0, 1, '', 0, None, None]","[0, 1, '', 0, None, None]","[0, 1, '', 0, None, None]","[0, 1, '', 0, None, None]","[0, 1, '', 0, None, None]","[0, 1, '', 0, None, None]","[0, 1, '', 0, None, None]","[0, 1, '', 0, None, None]","[0, 1, '', 0, None, None]","[0, 1, '', 0, None, None]","[0, 1, '', 0, None, None]","[0, 1, '', 0, None, None]",2020-01-19 18:07:14
Ouse Fen and Pits (Hanson/RSPB),nan,nan,nan,nan,nan,nan,nan,nan,nan,nan,nan,nan,nan,nan,nan,nan,nan,nan,nan,nan,nan,nan,nan,nan,nan,nan,nan,nan,nan,nan,nan,nan,nan,nan,nan,nan,nan,nan,nan,nan,nan,nan,nan,nan,nan,nan,nan,nan,nan,nan,nan,nan,nan,nan,nan,nan,nan,"[0, 1, '', 0, None, None]","[1, 1, 'May', 0, None, None]","[0, 1, '', 0, None, None]","[0, 1, '', 0, None, None]","[0, 1, '', 0, None, None]","[0, 1, '', 0, None, None]","[0, 1, '', 0, None, None]","[0, 1, '', 0, None, None]","[0, 1, '', 0, None, None]",nan,"[0, 1, '', 0, None, None]","[0, 1, '', 0, None, None]","[0, 1, '', 0, None, None]","[0, 1, '', 0, None, None]","[0, 1, '', 0, None, None]","[0, 1, '', 0, None, None]","[0, 1, '', 0, None, None]","[0, 1, '', 0, None, None]","[0, 1, '', 0, None, None]","[0, 1, '', 0, None, None]","[1, 1, 'May', 0, None, None]","[0, 1, '', 0, None, None]","[0, 1, '', 0, None, None]","[0, 1, '', 0, None, None]","[0, 1, '', 0, None, None]","[0, 1, '', 0, None, None]",2020-01-19 18:07:14
Pagham Harbour,nan,nan,nan,nan,nan,nan,nan,nan,nan,nan,nan,nan,nan,nan,nan,nan,nan,nan,nan,nan,nan,nan,nan,nan,nan,nan,nan,nan,nan,nan,nan,nan,nan,nan,nan,"[0, 2, '', 0, None, None]","[0, 2, '', 0, None, None]","[0, 1, '', 0, None, None]","[0, 1, '', 0, None, None]","[0, 1, '', 0, None, None]","[1, 1, 'Oct', 0, None, None]","[0, 1, '', 0, None, None]","[0, 1, '', 0, None, None]","[0, 1, '', 0, None, None]","[0, 1, '', 0, None, None]","[0, 1, '', 0, None, None]","[0, 1, '', 0, None, None]","[0, 2, '', 0, None, None]","[0, 2, '', 0, None, None]","[0, 2, '', 0, None, None]","[0, 1, '', 0, None, None]","[0, 1, '', 0, None, None]","[0, 1, '', 0, None, None]","[0, 1, '', 0, None, None]","[0, 1, '', 0, None, None]","[0, 1, '', 0, None, None]","[0, 1, '', 0, None, None]","[0, 1, '', 0, None, None]","[0, 2, '', 0, None, None]","[0, 1, '', 0, None, None]","[0, 1, '', 0, None, None]","[0, 1, '', 0, None, None]","[0, 1, '', 0, None, None]","[0, 1, '', 0, None, None]","[1, 1, 'May', 0, None, None]","[0, 1, '', 0, None, None]","[0, 1, '', 0, None, None]","[0, 1, '', 0, None, None]","[0, 1, '', 0, None, None]","[0, 1, '', 0, None, None]","[0, 1, '', 0, None, None]","[0, 1, '', 0, None, None]","[0, 1, '', 0, None, None]","[0, 1, '', 0, None, None]","[0, 1, '', 0, None, None]","[0, 1, '', 0, None, None]","[0, 1, '', 0, None, None]","[0, 1, '', 0, None, None]","[0, 1, '', 0, None, None]","[0, 1, '', 0, None, None]","[0, 1, '', 0, None, None]","[0, 1, '', 0, None, None]","[0, 1, '', 0, None, None]",2020-01-19 18:07:14
Priory Water and Kirby Lakes,nan,nan,nan,nan,nan,nan,nan,nan,nan,nan,nan,nan,nan,nan,nan,nan,nan,nan,nan,nan,nan,nan,nan,nan,nan,nan,nan,nan,nan,nan,nan,nan,nan,nan,nan,nan,nan,nan,nan,nan,nan,nan,nan,nan,nan,nan,nan,nan,nan,nan,nan,nan,nan,nan,nan,nan,"[0, 1, '', 0, None, None]","[0, 1, '', 0, None, None]","[0, 1, '', 0, None, None]","[0, 1, '', 0, None, None]","[0, 1, '', 0, None, None]","[0, 1, '', 0, None, None]","[0, 1, '', 0, None, None]","[0, 1, '', 0, None, None]","[1, 1, 'Aug', 0, None, None]","[0, 1, '', 0, None, None]","[0, 1, '', 0, None, None]","[0, 1, '', 0, None, None]","[0, 1, '', 0, None, None]","[0, 1, '', 0, None, None]","[0, 1, '', 0, None, None]","[0, 1, '', 0, None, None]","[0, 1, '', 0, None, None]","[0, 1, '', 0, None, None]","[0, 1, '', 0, None, None]","[0, 1, '', 0, None, None]","[0, 1, '', 0, None, None]","[0, 1, '', 0, None, None]","[0, 1, '', 0, None, None]","[0, 1, '', 0, None, None]","[0, 1, '', 0, None, None]","[0, 1, '', 0, None, None]","[0, 1, '', 0, None, None]",2020-01-19 18:07:14
Rutland Water,nan,nan,nan,nan,nan,nan,nan,nan,nan,nan,nan,nan,nan,nan,nan,nan,nan,nan,nan,nan,nan,nan,nan,nan,nan,nan,nan,nan,nan,nan,nan,nan,nan,nan,nan,nan,nan,nan,nan,nan,nan,nan,nan,nan,nan,nan,nan,nan,nan,nan,nan,nan,nan,nan,nan,nan,"[0, 1, '', 0, None, None]","[0, 1, '', 0, None, None]","[0, 1, '', 0, None, None]","[0, 1, '', 0, None, None]","[0, 1, '', 0, None, None]","[0, 2, '', 0, None, None]","[0, 1, '', 0, None, None]","[0, 1, '', 0, None, None]","[0, 1, '', 0, None, None]","[0, 1, '', 0, None, None]","[0, 1, '', 0, None, None]","[0, 1, '', 0, None, None]","[0, 1, '', 0, None, None]","[0, 1, '', 0, None, None]","[0, 1, '', 0, None, None]","[0, 1, '', 0, None, None]","[0, 1, '', 0, None, None]","[0, 1, '', 0, None, None]","[0, 1, '', 0, None, None]","[0, 1, '', 0, None, None]","[0, 1, '', 0, None, None]","[0, 1, '', 0, None, None]","[0, 1, '', 0, None, None]","[0, 1, '', 0, None, None]","[1, 1, 'Jul', 0, None, None]","[0, 1, '', 0, None, None]","[0, 1, '', 0, None, None]",2020-01-19 18:07:14
Severn Estuary (English counties),nan,nan,nan,nan,nan,nan,nan,nan,nan,nan,nan,nan,nan,nan,nan,nan,nan,nan,nan,nan,nan,nan,nan,nan,nan,nan,nan,nan,nan,nan,nan,nan,nan,nan,nan,"[0, 1, '', 0, None, None]","[0, 1, '', 0, None, None]","[0, 1, '', 0, None, None]","[0, 1, '', 0, None, None]","[0, 1, '', 0, None, None]","[0, 1, '', 0, None, None]","[0, 1, '', 0, None, None]","[0, 1, '', 0, None, None]","[0, 1, '', 0, None, None]","[0, 1, '', 0, None, None]","[0, 1, '', 0, None, None]","[0, 1, '', 0, None, None]","[0, 2, '', 0, None, None]","[0, 1, '', 0, None, None]","[0, 2, '', 0, None, None]","[0, 1, '', 0, None, None]","[0, 1, '', 0, None, None]","[0, 1, '', 0, None, None]","[0, 1, '', 0, None, None]","[0, 1, '', 0, None, None]","[0, 2, '', 0, None, None]","[0, 1, '', 0, None, None]","[0, 1, '', 0, None, None]","[0, 1, '', 0, None, None]","[0, 1, '', 0, None, None]","[0, 1, '', 0, None, None]","[0, 1, '', 0, None, None]","[0, 1, '', 0, None, None]","[0, 1, '', 0, None, None]","[0, 1, '', 0, None, None]","[0, 1, '', 0, None, None]","[0, 1, '', 0, None, None]","[0, 1, '', 0, None, None]","[0, 1, '', 0, None, None]","[0, 1, '', 0, None, None]","[0, 1, '', 0, None, None]","[0, 1, '', 0, None, None]","[0, 1, '', 0, None, None]","[0, 1, '', 0, None, None]","[0, 1, '', 0, None, None]","[0, 1, '', 0, None, None]","[0, 1, '', 0, None, None]","[1, 1, 'Dec', 0, None, None]","[0, 1, '', 0, None, None]","[0, 1, '', 0, None, None]","[1, 1, 'May', 0, None, None]","[0, 1, '', 0, None, None]","[1, 1, 'Jul', 0, None, None]",2020-01-19 18:07:14
Solway Estuary,nan,nan,nan,nan,nan,nan,nan,nan,nan,nan,nan,nan,nan,nan,nan,nan,nan,nan,nan,nan,nan,nan,nan,nan,nan,nan,nan,nan,nan,nan,nan,nan,nan,nan,nan,"[0, 1, 'Apr', 0, None, None]","[0, 1, 'Jul', 0, None, None]","[0, 1, 'Jul', 0, None, None]","[0, 1, 'Aug', 0, None, None]","[0, 1, 'Aug', 0, None, None]","[0, 1, 'Sep', 0, None, None]","[0, 1, 'Jul', 0, None, None]",nan,nan,"[0, 2, 'Dec', 0, None, None]","[0, 2, 'Jul', 0, None, None]","[0, 1, 'Jul', 0, None, None]","[0, 1, 'Jul', 0, None, None]","[0, 1, 'Jul', 0, None, None]","[0, 1, 'Jul', 0, None, None]","[0, 1, 'Jul', 0, None, None]","[0, 2, 'Jul', 0, None, None]","[0, 2, 'Jul', 0, None, None]","[0, 1, 'Jul', 0, None, None]","[0, 1, 'Jul', 0, None, None]","[0, 2, 'Jul', 0, None, None]","[0, 2, 'Jul', 0, None, None]","[0, 1, 'Jul', 0, None, None]","[0, 1, 'Jul', 0, None, None]","[0, 1, 'Jul', 0, None, None]","[0, 1, 'Jul', 0, None, None]","[0, 1, 'Jul', 0, None, None]","[0, 1, 'Jul', 0, None, None]","[0, 1, 'Jul', 0, None, None]","[0, 1, 'Jul', 0, None, None]","[0, 1, 'Jul', 0, None, None]","[0, 1, 'Jul', 0, None, None]","[0, 1, 'Jul', 0, None, None]","[0, 1, 'Jul', 0, None, None]","[0, 1, 'Jul', 0, None, None]","[0, 1, 'Jul', 0, None, None]","[0, 1, 'Jul', 0, None, None]","[0, 1, 'Jul', 0, None, None]","[0, 1, 'Jul', 0, None, None]","[0, 1, 'Jul', 0, None, None]","[0, 1, 'Jul', 0, None, None]","[0, 1, 'Jul', 0, None, None]","[0, 1, 'Jul', 0, None, None]","[0, 1, 'Jul', 0, None, None]","[0, 1, 'Jul', 0, None, None]","[0, 1, 'Jul', 0, None, None]","[1, 1, 'May', 0, None, None]","[0, 1, '', 0, None, None]",2020-01-19 18:07:14
Solway Estuary (English counties),nan,nan,nan,nan,nan,nan,nan,nan,nan,nan,nan,nan,nan,nan,nan,nan,nan,nan,nan,nan,nan,nan,nan,nan,nan,nan,nan,nan,nan,nan,nan,nan,nan,nan,nan,"[0, 1, '', 0, None, None]","[0, 1, '', 0, None, None]","[0, 1, '', 0, None, None]","[0, 1, '', 0, None, None]","[0, 1, '', 0, None, None]","[0, 1, '', 0, None, None]","[0, 1, '', 0, None, None]",nan,nan,nan,"[0, 2, '', 0, None, None]","[0, 1, '', 0, None, None]","[0, 1, '', 0, None, None]","[0, 1, '', 0, None, None]","[0, 1, '', 0, None, None]","[0, 1, '', 0, None, None]","[0, 2, '', 0, None, None]","[0, 2, '', 0, None, None]","[0, 1, '', 0, None, None]","[0, 1, '', 0, None, None]","[0, 2, '', 0, None, None]","[0, 2, '', 0, None, None]","[0, 1, '', 0, None, None]","[0, 1, '', 0, None, None]","[0, 1, '', 0, None, None]","[0, 1, '', 0, None, None]","[0, 1, '', 0, None, None]","[0, 1, '', 0, None, None]","[0, 1, '', 0, None, None]","[0, 1, '', 0, None, None]","[0, 1, '', 0, None, None]","[0, 1, '', 0, None, None]","[0, 1, '', 0, None, None]","[0, 1, '', 0, None, None]","[0, 1, '', 0, None, None]","[0, 1, '', 0, None, None]","[0, 1, '', 0, None, None]","[0, 1, '', 0, None, None]","[0, 1, '', 0, None, None]","[0, 1, '', 0, None, None]","[0, 1, '', 0, None, None]","[0, 1, '', 0, None, None]","[0, 1, '', 0, None, None]","[0, 1, '', 0, None, None]","[0, 1, '', 0, None, None]","[0, 1, '', 0, None, None]","[0, 1, '', 0, None, None]","[0, 1, '', 0, None, None]",2020-01-19 18:07:14
Solway Estuary (Scottish counties),nan,nan,nan,nan,nan,nan,nan,nan,nan,nan,nan,nan,nan,nan,nan,nan,nan,nan,nan,nan,nan,nan,nan,nan,nan,nan,nan,nan,nan,nan,nan,nan,nan,nan,nan,nan,"[0, 1, 'Jul', 0, None, None]","[0, 1, 'Jul', 0, None, None]","[0, 1, 'Mar', 0, None, None]","[0, 1, 'Sep', 0, None, None]","[0, 1, 'Sep', 0, None, None]","[0, 2, 'Aug', 0, None, None]",nan,nan,"[0, 2, 'Dec', 0, None, None]","[0, 1, 'Jan', 0, None, None]","[0, 1, 'Dec', 0, None, None]","[0, 1, 'Nov', 0, None, None]","[0, 1, 'Sep', 0, None, None]","[0, 1, 'Sep', 0, None, None]","[0, 1, 'Sep', 0, None, None]","[0, 1, 'Sep', 0, None, None]","[0, 2, 'Sep', 0, None, None]","[0, 2, 'Sep', 0, None, None]","[0, 2, 'Sep', 0, None, None]","[0, 1, 'Sep', 0, None, None]","[0, 2, 'Sep', 0, None, None]","[0, 1, 'Jul', 0, None, None]","[0, 1, 'Jul', 0, None, None]","[0, 1, 'Jul', 0, None, None]","[0, 1, 'Jul', 0, None, None]","[0, 1, 'Jul', 0, None, None]","[0, 1, 'Jul', 0, None, None]","[0, 1, 'Jul', 0, None, None]","[0, 1, 'Sep', 0, None, None]","[0, 1, 'Jul', 0, None, None]","[0, 1, 'Jul', 0, None, None]","[0, 1, 'Jul', 0, None, None]","[0, 1, 'Jul', 0, None, None]","[0, 1, 'Jul', 0, None, None]","[0, 1, 'Jul', 0, None, None]","[0, 1, 'Jul', 0, None, None]","[0, 1, 'Jul', 0, None, None]","[0, 1, 'Jul', 0, None, None]","[0, 1, 'Jul', 0, None, None]","[0, 1, 'Jul', 0, None, None]","[0, 1, 'Jul', 0, None, None]","[0, 1, 'Jul', 0, None, None]","[0, 1, 'Jul', 0, None, None]","[0, 1, 'Jul', 0, None, None]","[0, 1, 'Jul', 0, None, None]","[1, 1, 'May', 0, None, None]","[0, 1, '', 0, None, None]",2020-01-19 18:07:14
Southampton Water,nan,nan,nan,nan,nan,nan,nan,nan,nan,nan,nan,nan,nan,nan,nan,nan,nan,nan,nan,nan,nan,nan,nan,nan,nan,nan,nan,nan,nan,nan,nan,nan,nan,nan,nan,"[0, 2, '', 0, None, None]","[0, 2, '', 0, None, None]","[0, 1, '', 0, None, None]","[0, 1, '', 0, None, None]","[0, 1, '', 0, None, None]","[0, 2, '', 0, None, None]","[0, 2, '', 0, None, None]","[0, 1, '', 0, None, None]","[0, 1, '', 0, None, None]","[0, 1, '', 0, None, None]","[0, 1, '', 0, None, None]","[0, 1, '', 0, None, None]","[0, 1, '', 0, None, None]","[0, 1, '', 0, None, None]","[0, 2, '', 0, None, None]","[0, 1, '', 0, None, None]","[0, 1, '', 0, None, None]","[0, 2, '', 0, None, None]","[0, 2, '', 0, None, None]","[0, 2, '', 0, None, None]","[0, 1, '', 0, None, None]","[0, 2, '', 0, None, None]","[0, 2, '', 0, None, None]","[0, 2, '', 0, None, None]","[0, 1, '', 0, None, None]","[0, 1, '', 0, None, None]","[0, 1, '', 0, None, None]","[0, 1, '', 0, None, None]","[0, 1, '', 0, None, None]","[1, 1, 'Oct', 0, None, None]","[0, 1, '', 0, None, None]","[0, 1, '', 0, None, None]","[0, 1, '', 0, None, None]","[0, 1, '', 0, None, None]","[0, 1, '', 0, None, None]","[0, 1, '', 0, None, None]","[0, 1, '', 0, None, None]","[0, 1, '', 0, None, None]","[0, 2, '', 0, None, None]","[0, 1, '', 0, None, None]","[0, 1, '', 0, None, None]","[0, 1, '', 0, None, None]","[0, 1, '', 0, None, None]","[0, 1, '', 0, None, None]","[0, 1, '', 0, None, None]","[0, 1, '', 0, None, None]","[0, 1, '', 0, None, None]","[0, 1, '', 0, None, None]",2020-01-19 18:07:14
Stithians Reservoir,nan,nan,nan,nan,nan,nan,nan,nan,nan,nan,nan,nan,nan,nan,nan,nan,nan,nan,nan,nan,nan,nan,nan,nan,nan,nan,nan,nan,nan,nan,nan,nan,nan,nan,nan,nan,nan,nan,nan,nan,nan,nan,nan,nan,nan,nan,nan,nan,nan,nan,nan,nan,nan,nan,nan,nan,"[0, 1, '', 0, None, None]","[0, 1, '', 0, None, None]","[0, 1, '', 0, None, None]","[0, 1, '', 0, None, None]","[0, 1, '', 0, None, None]","[0, 1, '', 0, None, None]","[0, 1, '', 0, None, None]","[0, 1, '', 0, None, None]","[0, 1, '', 0, None, None]","[0, 1, '', 0, None, None]","[0, 1, '', 0, None, None]","[0, 1, '', 0, None, None]","[0, 1, '', 0, None, None]","[0, 1, '', 0, None, None]","[0, 1, '', 0, None, None]",nan,nan,nan,"[0, 2, '', 0, None, None]","[0, 1, '', 0, None, None]","[0, 1, '', 0, None, None]","[0, 1, '', 0, None, None]","[0, 1, '', 0, None, None]","[0, 1, '', 0, None, None]","[0, 1, '', 0, None, None]","[0, 1, '', 0, None, None]","[0, 1, '', 0, None, None]",2020-01-19 18:07:14
Stodmarsh,nan,nan,nan,nan,nan,nan,nan,nan,nan,nan,nan,nan,nan,nan,nan,nan,nan,nan,nan,nan,nan,nan,nan,nan,nan,nan,nan,nan,nan,nan,nan,nan,nan,nan,nan,nan,nan,nan,nan,nan,nan,nan,nan,nan,nan,nan,nan,nan,nan,nan,nan,nan,nan,nan,nan,nan,"[0, 1, '', 0, None, None]","[0, 1, '', 0, None, None]","[0, 1, '', 0, None, None]","[0, 1, '', 0, None, None]","[0, 1, '', 0, None, None]","[0, 1, '', 0, None, None]","[0, 1, '', 0, None, None]","[0, 1, '', 0, None, None]","[3, 1, 'May', 0, None, None]","[0, 1, '', 0, None, None]","[0, 1, '', 0, None, None]","[0, 1, '', 0, None, None]","[0, 1, '', 0, None, None]","[0, 1, '', 0, None, None]","[0, 1, '', 0, None, None]","[0, 1, '', 0, None, None]","[0, 1, '', 0, None, None]","[0, 1, '', 0, None, None]","[0, 1, '', 0, None, None]","[1, 1, 'Aug', 0, None, None]","[0, 1, '', 0, None, None]","[0, 1, '', 0, None, None]","[0, 1, '', 0, None, None]","[0, 1, '', 0, None, None]","[0, 1, '', 0, None, None]","[0, 1, '', 0, None, None]","[0, 1, '', 0, None, None]",2020-01-19 18:07:14
Swale Estuary,nan,nan,nan,nan,nan,nan,nan,nan,nan,nan,nan,nan,nan,nan,nan,nan,nan,nan,nan,nan,nan,nan,nan,nan,nan,nan,nan,nan,nan,nan,nan,nan,nan,nan,nan,"[0, 1, '', 0, None, None]","[0, 2, '', 0, None, None]","[0, 2, '', 0, None, None]","[0, 1, '', 0, None, None]","[0, 2, '', 0, None, None]","[0, 1, '', 0, None, None]",nan,nan,nan,nan,"[0, 1, '', 0, None, None]","[0, 2, '', 0, None, None]","[0, 2, '', 0, None, None]","[0, 1, '', 0, None, None]","[0, 1, '', 0, None, None]","[0, 2, '', 0, None, None]","[0, 2, '', 0, None, None]","[0, 2, '', 0, None, None]","[0, 2, '', 0, None, None]","[0, 2, '', 0, None, None]","[0, 2, '', 0, None, None]","[0, 2, '', 0, None, None]","[0, 2, '', 0, None, None]","[0, 2, '', 0, None, None]","[0, 1, '', 0, None, None]","[0, 1, '', 0, None, None]","[0, 1, '', 0, None, None]","[0, 1, '', 0, None, None]","[1, 1, 'Oct', 0, None, None]","[0, 1, '', 0, None, None]","[0, 1, '', 0, None, None]","[0, 1, '', 0, None, None]","[0, 1, '', 0, None, None]","[0, 1, '', 0, None, None]","[0, 1, '', 0, None, None]","[0, 1, '', 0, None, None]","[0, 1, '', 0, None, None]","[0, 1, '', 0, None, None]","[0, 1, '', 0, None, None]","[1, 1, 'Aug', 0, None, None]","[0, 1, '', 0, None, None]","[0, 1, '', 0, None, None]","[0, 1, '', 0, None, None]","[0, 1, '', 0, None, None]","[0, 1, '', 0, None, None]","[0, 1, '', 0, None, None]","[0, 1, '', 0, None, None]","[0, 1, '', 0, None, None]",2020-01-19 18:07:14
Swansea Bay,nan,nan,nan,nan,nan,nan,nan,nan,nan,nan,nan,nan,nan,nan,nan,nan,nan,nan,nan,nan,nan,nan,nan,nan,nan,nan,nan,nan,nan,nan,nan,nan,nan,nan,nan,"[0, 1, '', 0, None, None]","[0, 1, '', 0, None, None]","[0, 1, '', 0, None, None]","[0, 1, '', 0, None, None]","[0, 1, '', 0, None, None]","[0, 1, '', 0, None, None]",nan,"[0, 1, '', 0, None, None]",nan,"[0, 1, '', 0, None, None]","[0, 1, '', 0, None, None]","[2, 1, 'May', 0, None, None]","[0, 1, '', 0, None, None]","[0, 1, '', 0, None, None]","[0, 1, '', 0, None, None]","[0, 1, '', 0, None, None]","[0, 1, '', 0, None, None]","[0, 1, '', 0, None, None]","[0, 1, '', 0, None, None]","[0, 1, '', 0, None, None]","[0, 1, '', 0, None, None]","[0, 1, '', 0, None, None]","[0, 1, '', 0, None, None]","[0, 1, '', 0, None, None]","[0, 1, '', 0, None, None]","[0, 1, '', 0, None, None]","[0, 1, '', 0, None, None]","[0, 1, '', 0, None, None]","[0, 1, '', 0, None, None]","[0, 1, '', 0, None, None]","[0, 1, '', 0, None, None]","[0, 1, '', 0, None, None]","[0, 1, '', 0, None, None]","[0, 1, '', 0, None, None]","[0, 1, '', 0, None, None]","[0, 1, '', 0, None, None]","[0, 1, '', 0, None, None]","[0, 1, '', 0, None, None]","[0, 1, '', 0, None, None]","[0, 1, '', 0, None, None]","[0, 1, '', 0, None, None]","[0, 1, '', 0, None, None]","[0, 1, '', 0, None, None]","[0, 1, '', 0, None, None]","[0, 2, '', 0, None, None]","[0, 1, '', 0, None, None]","[0, 1, '', 0, None, None]","[0, 1, '', 0, None, None]",2020-01-19 18:07:14
Tay Estuary,nan,nan,nan,nan,nan,nan,nan,nan,nan,nan,nan,nan,nan,nan,nan,nan,nan,nan,nan,nan,nan,nan,nan,nan,nan,nan,nan,nan,nan,nan,nan,nan,nan,nan,nan,"[0, 1, '', 0, None, None]","[0, 1, '', 0, None, None]","[1, 1, 'Aug', 0, None, None]","[1, 1, 'Oct', 0, None, None]","[0, 1, '', 0, None, None]","[0, 1, '', 0, None, None]","[0, 1, '', 0, None, None]","[0, 1, '', 0, None, None]","[0, 1, '', 0, None, None]","[0, 1, '', 0, None, None]","[0, 1, '', 0, None, None]","[0, 1, '', 0, None, None]","[0, 1, '', 0, None, None]","[0, 1, '', 0, None, None]","[0, 1, '', 0, None, None]","[0, 1, '', 0, None, None]","[0, 1, '', 0, None, None]","[0, 1, '', 0, None, None]","[0, 2, '', 0, None, None]","[0, 1, '', 0, None, None]","[0, 1, '', 0, None, None]","[0, 1, '', 0, None, None]","[0, 1, '', 0, None, None]","[0, 1, '', 0, None, None]","[0, 1, '', 0, None, None]","[0, 1, '', 0, None, None]","[0, 1, '', 0, None, None]","[0, 1, '', 0, None, None]","[0, 1, '', 0, None, None]","[0, 1, '', 0, None, None]","[0, 1, '', 0, None, None]","[0, 1, '', 0, None, None]","[0, 1, '', 0, None, None]","[0, 1, '', 0, None, None]","[0, 1, '', 0, None, None]","[0, 1, '', 0, None, None]","[0, 1, '', 0, None, None]","[0, 1, '', 0, None, None]","[0, 1, '', 0, None, None]","[0, 1, '', 0, None, None]","[0, 1, '', 0, None, None]","[0, 1, '', 0, None, None]","[0, 2, '', 0, None, None]","[0, 1, '', 0, None, None]","[0, 1, '', 0, None, None]","[0, 1, '', 0, None, None]","[0, 1, '', 0, None, None]","[0, 1, '', 0, None, None]",2020-01-19 18:07:14
Tees Estuary,nan,nan,nan,nan,nan,nan,nan,nan,nan,nan,nan,nan,nan,nan,nan,nan,nan,nan,nan,nan,nan,nan,nan,nan,nan,nan,nan,nan,nan,nan,nan,nan,nan,nan,nan,"[0, 1, '', 0, None, None]","[1, 1, 'Aug', 0, None, None]","[0, 1, '', 0, None, None]","[0, 1, '', 0, None, None]","[1, 1, 'May', 0, None, None]","[0, 1, '', 0, None, None]","[0, 1, '', 0, None, None]","[2, 1, 'May', 0, None, None]","[0, 1, '', 0, None, None]","[1, 1, 'May', 0, None, None]","[0, 1, '', 0, None, None]","[0, 1, '', 0, None, None]","[0, 1, '', 0, None, None]","[0, 1, '', 0, None, None]","[0, 1, '', 0, None, None]","[1, 1, 'Jul', 0, None, None]","[0, 1, '', 0, None, None]","[0, 1, '', 0, None, None]","[0, 1, '', 0, None, None]","[0, 1, '', 0, None, None]","[0, 2, '', 0, None, None]","[0, 1, '', 0, None, None]","[1, 1, 'Jul', 0, None, None]","[0, 2, '', 0, None, None]","[0, 1, '', 0, None, None]","[0, 1, '', 0, None, None]","[0, 1, '', 0, None, None]","[0, 1, '', 0, None, None]","[0, 1, '', 0, None, None]","[1, 1, 'Sep', 0, None, None]","[0, 1, '', 0, None, None]","[0, 1, '', 0, None, None]","[0, 1, '', 0, None, None]","[0, 1, '', 0, None, None]","[0, 1, '', 0, None, None]","[0, 1, '', 0, None, None]","[0, 1, '', 0, None, None]","[0, 1, '', 0, None, None]","[0, 1, '', 0, None, None]","[0, 1, '', 0, None, None]","[1, 1, 'May', 0, None, None]","[0, 1, '', 0, None, None]","[1, 1, 'Jul', 0, None, None]","[0, 1, '', 0, None, None]","[0, 1, '', 0, None, None]","[0, 1, '', 0, None, None]","[0, 1, '', 0, None, None]","[0, 1, '', 0, None, None]",2020-01-19 18:07:14
Thames Estuary,nan,nan,nan,nan,nan,nan,nan,nan,nan,nan,nan,nan,nan,nan,nan,nan,nan,nan,nan,nan,nan,nan,nan,nan,nan,nan,nan,nan,nan,nan,nan,nan,nan,nan,nan,"[0, 2, '', 0, None, None]","[0, 2, '', 0, None, None]","[0, 1, '', 0, None, None]","[0, 1, '', 0, None, None]","[2, 1, 'Sep', 0, None, None]","[0, 2, '', 0, None, None]","[0, 1, '', 0, None, None]","[0, 1, '', 0, None, None]","[0, 1, '', 0, None, None]","[0, 1, '', 0, None, None]","[0, 1, '', 0, None, None]","[1, 1, 'Sep', 0, None, None]","[0, 2, '', 0, None, None]","[0, 1, '', 0, None, None]","[0, 1, '', 0, None, None]","[0, 1, '', 0, None, None]","[1, 1, 'Jul', 0, None, None]","[0, 1, '', 0, None, None]","[2, 1, 'May', 0, None, None]","[0, 2, '', 0, None, None]","[0, 1, '', 0, None, None]","[0, 2, '', 0, None, None]","[0, 2, '', 0, None, None]","[0, 2, '', 0, None, None]","[1, 1, 'Aug', 0, None, None]","[0, 1, '', 0, None, None]","[0, 1, '', 0, None, None]","[0, 1, '', 0, None, None]","[0, 1, '', 0, None, None]","[0, 1, '', 0, None, None]","[0, 1, '', 0, None, None]","[0, 1, '', 0, None, None]","[1, 1, 'Sep', 0, None, None]","[0, 1, '', 0, None, None]","[0, 1, '', 0, None, None]","[0, 1, '', 0, None, None]","[0, 1, '', 0, None, None]","[0, 1, '', 0, None, None]","[0, 1, '', 0, None, None]","[0, 1, '', 0, None, None]","[0, 1, '', 0, None, None]","[0, 1, '', 0, None, None]","[0, 1, '', 0, None, None]","[0, 1, '', 0, None, None]","[0, 1, '', 0, None, None]","[0, 1, '', 0, None, None]","[0, 1, '', 0, None, None]","[0, 1, '', 0, None, None]",2020-01-19 18:07:14
Thanet Coast,nan,nan,nan,nan,nan,nan,nan,nan,nan,nan,nan,nan,nan,nan,nan,nan,nan,nan,nan,nan,nan,nan,nan,nan,nan,nan,nan,nan,nan,nan,nan,nan,nan,nan,nan,nan,nan,nan,nan,nan,nan,nan,nan,nan,nan,nan,nan,nan,nan,nan,nan,"[0, 1, '', 0, None, None]","[0, 2, '', 0, None, None]","[0, 1, '', 0, None, None]","[1, 1, 'Sep', 0, None, None]","[0, 1, '', 0, None, None]","[0, 1, '', 0, None, None]","[0, 1, '', 0, None, None]","[0, 1, '', 0, None, None]","[0, 1, '', 0, None, None]",nan,"[0, 1, '', 0, None, None]","[0, 1, '', 0, None, None]","[0, 1, '', 0, None, None]","[0, 1, '', 0, None, None]","[0, 1, '', 0, None, None]","[0, 1, '', 0, None, None]","[0, 1, '', 0, None, None]","[0, 2, '', 0, None, None]","[0, 1, '', 0, None, None]","[0, 1, '', 0, None, None]","[0, 1, '', 0, None, None]","[0, 1, '', 0, None, None]","[0, 1, '', 0, None, None]","[0, 1, '', 0, None, None]","[0, 1, '', 0, None, None]","[0, 1, '', 0, None, None]","[0, 1, '', 0, None, None]","[0, 1, '', 0, None, None]","[0, 1, '', 0, None, None]","[0, 1, '', 0, None, None]","[0, 1, '', 0, None, None]","[0, 1, '', 0, None, None]",2020-01-19 18:07:14
The Wash,nan,nan,nan,nan,nan,nan,nan,nan,nan,nan,nan,nan,nan,nan,nan,nan,nan,nan,nan,nan,nan,nan,nan,nan,nan,nan,nan,nan,nan,nan,nan,nan,nan,nan,nan,"[0, 1, '', 0, None, None]","[0, 1, '', 0, None, None]","[0, 1, '', 0, None, None]","[0, 1, '', 0, None, None]","[1, 1, 'Sep', 0, None, None]","[0, 1, '', 0, None, None]","[0, 1, '', 0, None, None]","[0, 1, '', 0, None, None]","[0, 2, '', 0, None, None]","[0, 1, '', 0, None, None]","[0, 1, '', 0, None, None]","[0, 1, '', 0, None, None]","[0, 1, '', 0, None, None]","[0, 1, '', 0, None, None]","[0, 1, '', 0, None, None]","[0, 2, '', 0, None, None]","[1, 1, 'May', 0, None, None]","[0, 2, '', 0, None, None]","[0, 1, '', 0, None, None]","[0, 1, '', 0, None, None]","[0, 2, '', 0, None, None]","[0, 1, '', 0, None, None]","[0, 1, '', 0, None, None]","[0, 2, '', 0, None, None]","[0, 1, '', 0, None, None]","[0, 1, '', 0, None, None]","[0, 2, '', 0, None, None]","[0, 1, '', 0, None, None]","[0, 1, '', 0, None, None]","[0, 1, '', 0, None, None]","[0, 1, '', 0, None, None]","[1, 1, 'Aug', 0, None, None]","[1, 1, 'Aug', 0, None, None]","[0, 1, '', 0, None, None]","[0, 1, '', 0, None, None]","[0, 1, '', 0, None, None]","[0, 1, '', 0, None, None]","[0, 1, '', 0, None, None]","[0, 1, '', 0, None, None]","[0, 1, '', 0, None, None]","[2, 1, 'May', 0, None, None]","[0, 1, '', 0, None, None]","[0, 1, '', 0, None, None]","[2, 1, 'May', 0, None, None]","[0, 1, '', 0, None, None]","[0, 1, '', 0, None, None]","[0, 1, '', 0, None, None]","[0, 1, '', 0, None, None]",2020-01-19 18:07:14
Tophill Low Reservoirs,nan,nan,nan,nan,nan,nan,nan,nan,nan,nan,nan,nan,nan,nan,nan,nan,nan,nan,nan,nan,nan,nan,nan,nan,nan,nan,nan,nan,nan,nan,nan,nan,nan,nan,nan,nan,nan,nan,nan,nan,nan,nan,nan,nan,nan,nan,nan,nan,nan,nan,nan,nan,nan,nan,nan,nan,"[0, 1, '', 0, None, None]","[0, 1, '', 0, None, None]","[0, 1, '', 0, None, None]","[0, 1, '', 0, None, None]","[0, 1, '', 0, None, None]","[0, 1, '', 0, None, None]","[0, 1, '', 0, None, None]","[0, 1, '', 0, None, None]","[0, 1, '', 0, None, None]","[0, 1, '', 0, None, None]","[0, 1, '', 0, None, None]","[0, 1, '', 0, None, None]","[0, 1, '', 0, None, None]","[0, 1, '', 0, None, None]","[0, 2, '', 0, None, None]","[0, 1, '', 0, None, None]","[0, 2, '', 0, None, None]","[0, 1, '', 0, None, None]","[3, 1, 'May', 1, 'Supplementary visit under the  WeBS Core Count Survey', 'WeBS']","[0, 1, '', 0, None, None]","[0, 1, '', 0, None, None]","[0, 1, '', 0, None, None]","[0, 1, '', 0, None, None]","[0, 1, '', 0, None, None]","[0, 1, '', 0, None, None]","[0, 1, '', 0, None, None]","[0, 1, '', 0, None, None]",2020-01-19 18:07:14
WWT Caerlaverock (Inland),nan,nan,nan,nan,nan,nan,nan,nan,nan,nan,nan,nan,nan,nan,nan,nan,nan,nan,nan,nan,nan,nan,nan,nan,nan,nan,nan,nan,nan,nan,nan,nan,nan,nan,nan,nan,nan,nan,nan,nan,nan,nan,nan,nan,nan,nan,nan,nan,nan,nan,nan,nan,nan,nan,nan,nan,nan,nan,"[0, 1, '', 0, None, None]","[0, 1, '', 0, None, None]","[0, 1, '', 0, None, None]","[0, 1, '', 0, None, None]","[0, 1, '', 0, None, None]","[0, 1, '', 0, None, None]","[0, 1, '', 0, None, None]","[0, 2, '', 0, None, None]","[0, 1, '', 0, None, None]","[0, 1, '', 0, None, None]","[0, 1, '', 0, None, None]","[0, 1, '', 0, None, None]","[0, 1, '', 0, None, None]","[0, 1, '', 0, None, None]","[0, 1, '', 0, None, None]","[0, 1, '', 0, None, None]","[0, 1, '', 0, None, None]","[0, 1, '', 0, None, None]","[0, 1, '', 0, None, None]","[0, 1, '', 0, None, None]","[0, 1, '', 0, None, None]","[0, 1, '', 0, None, None]","[0, 1, '', 0, None, None]",nan,nan,2020-01-19 18:07:14
WWT Martin Mere,nan,nan,nan,nan,nan,nan,nan,nan,nan,nan,nan,nan,nan,nan,nan,nan,nan,nan,nan,nan,nan,nan,nan,nan,nan,nan,nan,nan,nan,nan,nan,nan,nan,nan,nan,nan,nan,nan,nan,nan,nan,nan,nan,nan,nan,nan,nan,nan,nan,nan,nan,nan,nan,nan,nan,nan,"[0, 1, '', 0, None, None]","[0, 1, '', 0, None, None]","[3, 1, 'May', 0, None, None]","[0, 1, '', 0, None, None]","[0, 1, '', 0, None, None]","[0, 1, '', 0, None, None]","[0, 1, '', 0, None, None]","[0, 1, '', 0, None, None]","[0, 1, '', 0, None, None]","[0, 1, '', 0, None, None]","[0, 1, '', 0, None, None]","[0, 1, '', 0, None, None]","[0, 1, '', 0, None, None]","[0, 1, '', 0, None, None]","[0, 1, '', 0, None, None]","[0, 1, '', 0, None, None]","[0, 1, '', 0, None, None]","[0, 1, '', 0, None, None]","[0, 1, '', 0, None, None]","[0, 1, '', 0, None, None]","[0, 1, '', 0, None, None]","[0, 1, '', 0, None, None]","[0, 1, '', 0, None, None]","[0, 1, '', 0, None, None]","[0, 1, '', 0, None, None]","[0, 1, '', 0, None, None]","[0, 1, '', 0, None, None]",2020-01-19 18:07:14
Weirwood Reservoir,nan,nan,nan,nan,nan,nan,nan,nan,nan,nan,nan,nan,nan,nan,nan,nan,nan,nan,nan,nan,nan,nan,nan,nan,nan,nan,nan,nan,nan,nan,nan,nan,nan,nan,nan,nan,nan,nan,nan,nan,nan,nan,nan,nan,nan,nan,nan,nan,nan,nan,nan,nan,nan,nan,nan,nan,"[0, 1, '', 0, None, None]","[0, 1, '', 0, None, None]","[0, 2, '', 0, None, None]","[0, 2, '', 0, None, None]","[0, 2, '', 0, None, None]","[0, 2, '', 0, None, None]","[0, 2, '', 0, None, None]","[0, 2, '', 0, None, None]","[0, 2, '', 0, None, None]","[0, 1, '', 0, None, None]","[0, 1, '', 0, None, None]","[0, 1, '', 0, None, None]","[0, 1, '', 0, None, None]","[0, 1, '', 0, None, None]","[0, 1, '', 0, None, None]","[0, 1, '', 0, None, None]","[0, 1, '', 0, None, None]","[0, 1, '', 0, None, None]","[0, 1, '', 0, None, None]","[0, 1, '', 0, None, None]","[1, 1, 'Sep', 0, None, None]","[0, 1, '', 0, None, None]","[0, 1, '', 0, None, None]","[0, 1, '', 0, None, None]","[0, 1, '', 0, None, None]","[0, 1, '', 0, None, None]","[0, 1, '', 0, None, None]",2020-01-19 18:07:14
Wellington Gravel Pits,nan,nan,nan,nan,nan,nan,nan,nan,nan,nan,nan,nan,nan,nan,nan,nan,nan,nan,nan,nan,nan,nan,nan,nan,nan,nan,nan,nan,nan,nan,nan,nan,nan,nan,nan,nan,nan,nan,nan,nan,nan,nan,nan,nan,nan,nan,nan,nan,nan,nan,nan,nan,nan,nan,nan,nan,nan,nan,"[0, 1, '', 0, None, None]","[0, 1, '', 0, None, None]","[0, 1, '', 0, None, None]","[0, 1, '', 0, None, None]","[0, 1, '', 0, None, None]","[0, 1, '', 0, None, None]","[0, 1, '', 0, None, None]","[0, 1, '', 0, None, None]",nan,"[0, 1, '', 0, None, None]","[0, 1, '', 0, None, None]","[0, 1, '', 0, None, None]",nan,"[0, 1, '', 0, None, None]","[0, 1, '', 0, None, None]","[0, 1, '', 0, None, None]","[0, 1, '', 0, None, None]","[0, 1, '', 0, None, None]","[0, 1, '', 0, None, None]","[0, 1, '', 0, None, None]","[1, 1, 'May', 0, None, None]","[0, 1, '', 0, None, None]","[0, 1, '', 0, None, None]","[0, 1, '', 0, None, None]","[0, 1, '', 0, None, None]",2020-01-19 18:07:14
Wigan Flashes,nan,nan,nan,nan,nan,nan,nan,nan,nan,nan,nan,nan,nan,nan,nan,nan,nan,nan,nan,nan,nan,nan,nan,nan,nan,nan,nan,nan,nan,nan,nan,nan,nan,nan,nan,nan,nan,nan,nan,nan,nan,nan,nan,nan,nan,nan,nan,nan,nan,nan,nan,nan,nan,nan,nan,nan,nan,nan,"[0, 1, '', 0, None, None]","[0, 1, '', 0, None, None]","[0, 1, '', 0, None, None]","[0, 1, '', 0, None, None]","[0, 1, '', 0, None, None]","[0, 1, '', 0, None, None]","[0, 1, '', 0, None, None]","[0, 1, '', 0, None, None]","[0, 1, '', 0, None, None]","[0, 1, '', 0, None, None]","[0, 1, '', 0, None, None]","[0, 1, '', 0, None, None]",nan,"[0, 1, '', 0, None, None]","[0, 1, '', 0, None, None]","[0, 1, '', 0, None, None]","[0, 1, '', 0, None, None]","[1, 1, 'May', 0, None, None]","[0, 2, '', 0, None, None]","[0, 1, '', 0, None, None]","[0, 1, '', 0, None, None]","[0, 1, '', 0, None, None]","[0, 1, '', 0, None, None]","[0, 1, '', 0, None, None]","[0, 1, '', 0, None, None]",2020-01-19 18:07:14
